Province/State,Country/Region,Lat,Long_,Total Cases,Deaths,Recovered,Active,Incidence_Rate,Case-Fatality_Ratio,Recovery rate,Death rate,hover_name,New Cases,New Recovered,New Deaths
Abruzzo,Italy,42.35122196,13.39843823,3237,404,2063,770,246.80156757498588,12.480691998764286,0.6373185047883843,0.12480691998764287,"Abruzzo, Italy",416,2789,111
Acre,Brazil,-9.0238,-70.812,6072,142,0,5930,688.4861129221541,2.3386034255599477,0.0,0.023386034255599472,"Acre, Brazil",33274,11416,956
Aguascalientes,Mexico,21.8853,-102.2916,816,35,557,224,56.87857887197789,4.28921568627451,0.6825980392156863,0.0428921568627451,"Aguascalientes, Mexico",2885,2244,364
Aichi,Japan,35.035551,137.211621,507,34,455,18,6.713240934244799,6.7061143984220895,0.8974358974358975,0.0670611439842209,"Aichi, Japan",43,54,7
Akita,Japan,39.748679,140.408228,16,0,16,0,1.6554749661144967,0.0,1.0,0.0,"Akita, Japan",0,0,0
Alagoas,Brazil,-9.5713,-36.782,9223,424,0,8799,276.356410177275,4.597202645560013,0.0,0.04597202645560013,"Alagoas, Brazil",0,0,0
Alberta,Canada,53.9333,-116.5765,6992,143,6245,604,158.4357281630837,2.0451945080091534,0.8931636155606407,0.020451945080091533,"Alberta, Canada",772,612,96
Amapa,Brazil,0.902,-52.003,9313,215,0,9098,1101.1775611867129,2.3086008804896383,0.0,0.02308600880489638,"Amapa, Brazil",0,0,0
Amazonas,Brazil,-3.4168,-65.8561,40560,2047,0,38513,978.6234946365109,5.046844181459567,0.0,0.05046844181459566,"Amazonas, Brazil",0,0,0
Amazonas,Colombia,-1.4429,-71.5724,1799,61,141,1597,2348.901278251446,3.3907726514730405,0.07837687604224569,0.0339077265147304,"Amazonas, Colombia",1328,248,36
Amazonas,Peru,-5.077253,-78.050172,582,21,0,561,136.36363636363637,3.608247422680413,0.0,0.03608247422680412,"Amazonas, Peru",13892,3656,272
Ancash,Peru,-9.407125,-77.67179499999997,3515,262,0,3253,297.72996781297644,7.453769559032718,0.0,0.07453769559032716,"Ancash, Peru",0,0,0
Andalusia,Spain,37.5443,-4.7278,12668,1404,10671,593,150.3191077205854,11.08304389011683,0.8423586990843069,0.1108304389011683,"Andalusia, Spain",664,0,4
Anguilla,United Kingdom,18.2206,-63.0686,3,0,3,0,19.99733368884149,0.0,1.0,0.0,"Anguilla, United Kingdom",1612,15,215
Anhui,China,31.8257,117.2264,991,6,985,0,1.5670461733080334,0.6054490413723511,0.9939455095862765,0.006054490413723511,"Anhui, China",5,4,0
Antioquia,Colombia,7.1986,-75.3412,1024,6,449,569,15.982264680662176,0.5859375,0.4384765625,0.005859375,"Antioquia, Colombia",0,0,0
Antofagasta,Chile,-23.6509,-70.3975,2429,29,0,2400,399.81301458025393,1.1939069575957184,0.0,0.011939069575957185,"Antofagasta, Chile",4220,1833,53
Aomori,Japan,40.781541,140.828896,27,1,25,1,2.1662891707204355,3.703703703703704,0.9259259259259259,0.037037037037037035,"Aomori, Japan",0,0,0
Apurimac,Peru,-14.027713,-72.975378,171,3,0,168,39.70280938007893,1.7543859649122806,0.0,0.017543859649122806,"Apurimac, Peru",0,0,0
Aragon,Spain,41.5976,-0.9057,5680,826,3772,1082,430.1120866039773,14.542253521126758,0.6640845070422535,0.1454225352112676,"Aragon, Spain",0,0,0
Arauca,Colombia,7.0762,-70.7105,1,0,0,1,0.3814260758122468,0.0,0.0,0.0,"Arauca, Colombia",0,0,0
Araucania,Chile,-38.9489,-72.3311,2060,47,0,2013,215.2056362982959,2.2815533980582523,0.0,0.022815533980582524,"Araucania, Chile",0,0,0
Arequipa,Peru,-15.843524,-72.475539,3335,39,0,3296,222.71938025911584,1.169415292353823,0.0,0.011694152923538231,"Arequipa, Peru",0,0,0
Arica y Parinacota,Chile,-18.594,-69.4785,588,7,0,581,260.09873135516744,1.1904761904761905,0.0,0.011904761904761904,"Arica y Parinacota, Chile",0,0,0
Aruba,Netherlands,12.5211,-69.9683,101,3,98,0,94.59940430474121,2.9702970297029703,0.9702970297029703,0.0297029702970297,"Aruba, Netherlands",132,0,20
Asturias,Spain,43.3614,-5.8593,2421,310,1063,1048,236.8409467768207,12.804626187525814,0.43907476249483685,0.12804626187525817,"Asturias, Spain",0,0,0
Atacama,Chile,-23.8634,-69.1328,215,0,0,215,75.13069246037294,0.0,0.0,0.0,"Atacama, Chile",0,0,0
Atlantico,Colombia,10.6966,-74.8741,3424,87,451,2886,135.04149252400993,2.5408878504672896,0.13171728971962618,0.025408878504672897,"Atlantico, Colombia",0,0,0
Australian Capital Territory,Australia,-35.4735,149.0124,107,3,104,0,24.994160242933887,2.803738317757009,0.9719626168224299,0.028037383177570093,"Australian Capital Territory, Australia",8,9,0
Ayacucho,Peru,-14.091648,-74.08344,712,7,0,705,106.55492367554622,0.9831460674157304,0.0,0.009831460674157303,"Ayacucho, Peru",0,0,0
Aysen,Chile,-45.9864,-73.7669,16,0,0,16,15.510188254909945,0.0,0.0,0.0,"Aysen, Chile",0,0,0
Baden-Wurttemberg,Germany,48.6616,9.3501,34736,1751,31900,1085,313.79824243714705,5.040879778903732,0.9183555964993091,0.05040879778903731,"Baden-Wurttemberg, Germany",267,663,26
Bahia,Brazil,-12.5797,-41.7007,17626,638,0,16988,118.50954181330759,3.6196527856575513,0.0,0.03619652785657551,"Bahia, Brazil",0,0,0
Baja California,Mexico,30.8406,-115.2838,5027,864,3463,700,138.29938253603706,17.187189178436448,0.6888800477421921,0.17187189178436443,"Baja California, Mexico",0,0,0
Baja California Sur,Mexico,26.0444,-111.6661,606,35,482,89,75.3068193680192,5.775577557755777,0.7953795379537953,0.057755775577557754,"Baja California Sur, Mexico",0,0,0
Baleares,Spain,39.710358,2.995148,2137,209,1533,395,179.84884953964757,9.780065512400563,0.7173607861488067,0.09780065512400561,"Baleares, Spain",0,0,0
Basilicata,Italy,40.63947052,15.80514834,399,27,341,31,70.8868315718222,6.7669172932330826,0.8546365914786967,0.06766917293233082,"Basilicata, Italy",0,0,0
Bayern,Germany,48.7904,11.4979,47115,2466,42820,1829,360.29674411498115,5.234001910219675,0.9088400721638544,0.05234001910219675,"Bayern, Germany",0,0,0
Beijing,China,40.1824,116.4142,593,9,581,3,2.7530176415970287,1.5177065767284992,0.9797639123102867,0.01517706576728499,"Beijing, China",0,0,0
Berlin,Germany,52.52,13.405,6799,198,6259,342,186.5383971690281,2.9121929695543463,0.9205765553757905,0.02912192969554346,"Berlin, Germany",0,0,0
Bermuda,United Kingdom,32.3078,-64.7505,140,9,92,39,224.8165336502176,6.428571428571429,0.6571428571428571,0.06428571428571428,"Bermuda, United Kingdom",0,0,0
Biobio,Chile,-37.4464,-72.1416,1888,11,0,1877,121.27401954644287,0.5826271186440678,0.0,0.005826271186440678,"Biobio, Chile",0,0,0
Bolivar,Colombia,8.6704,-74.03,2845,140,432,2273,137.432310360319,4.92091388400703,0.15184534270650263,0.0492091388400703,"Bolivar, Colombia",0,0,0
"Bonaire, Sint Eustatius and Saba",Netherlands,12.1784,-68.2385,6,0,6,0,22.88242248579383,0.0,1.0,0.0,"Bonaire, Sint Eustatius and Saba, Netherlands",0,0,0
Boyaca,Colombia,5.4545,-73.362,190,10,71,109,15.607339063691088,5.2631578947368425,0.3736842105263158,0.05263157894736842,"Boyaca, Colombia",0,0,0
Brandenburg,Germany,52.4125,12.5316,3279,170,3000,109,130.53775264071226,5.184507471790179,0.9149130832570905,0.0518450747179018,"Brandenburg, Germany",0,0,0
Bremen,Germany,53.0793,8.8017,1404,42,1200,162,205.5679032952359,2.9914529914529915,0.8547008547008547,0.029914529914529916,"Bremen, Germany",0,0,0
British Columbia,Canada,53.7267,-127.6476,2573,164,2181,228,50.34321629562758,6.3738826272833276,0.84764865915274,0.06373882627283327,"British Columbia, Canada",0,0,0
British Virgin Islands,United Kingdom,18.4207,-64.64,8,1,7,0,26.457651222012768,12.5,0.875,0.125,"British Virgin Islands, United Kingdom",0,0,0
C. Valenciana,Spain,39.484,-0.7533,11199,1332,9970,0,225.10693031454065,11.893919099919634,0.890258058755246,0.11893919099919635,"C. Valenciana, Spain",0,0,0
Cajamarca,Peru,-6.430284,-78.74559599999998,720,5,0,715,49.52878860837862,0.6944444444444444,0.0,0.006944444444444444,"Cajamarca, Peru",0,0,0
Calabria,Italy,38.90597598,16.59440194,1158,97,910,151,59.472115640909635,8.376511226252159,0.7858376511226253,0.08376511226252159,"Calabria, Italy",0,0,0
Caldas,Colombia,5.2983,-75.2479,135,6,87,42,13.523598679696072,4.4444444444444455,0.6444444444444445,0.044444444444444446,"Caldas, Colombia",0,0,0
Callao,Peru,-11.954609,-77.136042,12105,312,0,11793,1071.3337463492344,2.577447335811648,0.0,0.02577447335811648,"Callao, Peru",0,0,0
Campania,Italy,40.83956555,14.25084984,4797,411,3405,981,82.68277599017667,8.567854909318324,0.7098186366479049,0.08567854909318325,"Campania, Italy",0,0,0
Campeche,Mexico,19.8301,-90.5349,563,83,352,128,56.265284319574825,14.742451154529308,0.6252220248667851,0.14742451154529307,"Campeche, Mexico",0,0,0
Canarias,Spain,28.2916,-16.6291,2343,151,1537,655,106.16697350719404,6.444728979940248,0.6559965855740504,0.06444728979940248,"Canarias, Spain",0,0,0
Cantabria,Spain,43.1828,-3.9878,2298,202,2287,0,395.08906696742486,8.790252393385552,0.995213228894691,0.08790252393385553,"Cantabria, Spain",0,0,0
Capital District,Colombia,4.711,-74.0721,9162,250,2918,5994,123.60092308115705,2.728661864221785,0.3184894127919668,0.027286618642217857,"Capital District, Colombia",0,0,0
Caqueta,Colombia,0.8699,-73.8419,24,1,7,16,5.977747833689093,4.166666666666667,0.2916666666666667,0.041666666666666664,"Caqueta, Colombia",0,0,0
Casanare,Colombia,5.7589,-71.5724,34,0,23,11,8.085535452694861,0.0,0.6764705882352942,0.0,"Casanare, Colombia",0,0,0
Castilla - La Mancha,Spain,39.2796,-3.0977,17184,2945,6392,7847,844.4736463186719,17.138035381750463,0.3719739292364991,0.17138035381750466,"Castilla - La Mancha, Spain",0,0,0
Castilla y Leon,Spain,41.8357,-4.3976,18804,1923,8716,8165,780.9836057403376,10.226547543075943,0.46351840034035313,0.10226547543075941,"Castilla y Leon, Spain",0,0,0
Catalonia,Spain,41.5912,1.5209,59003,5587,26203,27213,779.7996175475598,9.469010050336424,0.44409606291205533,0.09469010050336424,"Catalonia, Spain",0,0,0
Cauca,Colombia,2.705,-76.82600000000002,91,4,43,44,6.213775735956867,4.395604395604397,0.4725274725274725,0.04395604395604396,"Cauca, Colombia",0,0,0
Cayman Islands,United Kingdom,19.3133,-81.2546,141,1,68,72,214.54656116859402,0.7092198581560284,0.48226950354609927,0.0070921985815602835,"Cayman Islands, United Kingdom",0,0,0
Ceara,Brazil,-5.4984,-39.3206,46506,2956,0,43550,509.25977636196274,6.356169096460673,0.0,0.06356169096460672,"Ceara, Brazil",0,0,0
Cesar,Colombia,9.3373,-73.6536,163,12,59,92,13.576839078640713,7.361963190184048,0.3619631901840491,0.0736196319018405,"Cesar, Colombia",0,0,0
Ceuta,Spain,35.8894,-5.3213,145,4,163,0,170.9321104810855,2.7586206896551726,1.1241379310344828,0.027586206896551724,"Ceuta, Spain",0,0,0
Channel Islands,United Kingdom,49.3723,-2.3644,560,45,525,0,328.4476741799072,8.035714285714286,0.9375,0.08035714285714286,"Channel Islands, United Kingdom",0,0,0
Chiapas,Mexico,16.7569,-93.1292,1711,131,955,625,29.85847154292212,7.656341320864991,0.5581531268264173,0.07656341320864991,"Chiapas, Mexico",0,0,0
Chiba,Japan,35.510141,140.198917,907,45,805,57,14.490248398324306,4.961411245865491,0.8875413450937155,0.04961411245865491,"Chiba, Japan",0,0,0
Chihuahua,Mexico,28.63300000000001,-106.0691,1569,314,1095,160,41.27332278132215,20.012746972594012,0.6978967495219885,0.2001274697259401,"Chihuahua, Mexico",0,0,0
Choco,Colombia,5.2528,-76.82600000000002,196,5,18,173,36.64743299689992,2.5510204081632653,0.09183673469387756,0.025510204081632654,"Choco, Colombia",0,0,0
Chongqing,China,30.0572,107.874,579,6,573,0,1.8665377176015476,1.0362694300518134,0.9896373056994818,0.010362694300518135,"Chongqing, China",0,0,0
Ciudad de Mexico,Mexico,19.4326,-99.1332,24265,2621,17626,4018,269.05372148476846,10.801566041623738,0.726396043684319,0.10801566041623738,"Ciudad de Mexico, Mexico",0,0,0
Coahuila,Mexico,27.0587,-101.7068,1084,77,768,239,33.67798379480042,7.1033210332103325,0.7084870848708487,0.07103321033210332,"Coahuila, Mexico",0,0,0
Colima,Mexico,19.1223,-104.0072,141,21,80,40,17.958283290008445,14.893617021276595,0.5673758865248227,0.14893617021276595,"Colima, Mexico",0,0,0
Coquimbo,Chile,-29.959,-71.3389,597,2,0,595,78.80293458432442,0.33500837520938026,0.0,0.0033500837520938024,"Coquimbo, Chile",0,0,0
Cordoba,Colombia,8.0493,-75.574,110,6,27,77,6.163214239490179,5.454545454545454,0.24545454545454545,0.05454545454545454,"Cordoba, Colombia",0,0,0
Cundinamarca,Colombia,5.026,-74.03,811,15,247,549,27.782916418299042,1.8495684340320595,0.30456226880394577,0.018495684340320593,"Cundinamarca, Colombia",0,0,0
Curacao,Netherlands,12.1696,-68.99,19,1,14,4,11.578305911029858,5.2631578947368425,0.7368421052631579,0.05263157894736842,"Curacao, Netherlands",0,0,0
Cusco,Peru,-13.191068,-72.153609,1015,3,0,1012,74.79183553164837,0.2955665024630542,0.0,0.002955665024630542,"Cusco, Peru",0,0,0
Diamond Princess,Canada,,,1,1,0,0,,100.0,0.0,1.0,"Diamond Princess, Canada",0,0,0
Distrito Federal,Brazil,-15.7998,-47.8645,9474,162,0,9312,314.20092675012637,1.7099430018999366,0.0,0.017099430018999367,"Distrito Federal, Brazil",0,0,0
Durango,Mexico,24.5593,-104.6588,365,37,189,139,19.529201774642644,10.136986301369864,0.5178082191780822,0.10136986301369863,"Durango, Mexico",0,0,0
Ehime,Japan,33.624835,132.856842,82,4,54,24,6.122989960536582,4.878048780487805,0.6585365853658537,0.04878048780487805,"Ehime, Japan",0,0,0
Emilia-Romagna,Italy,44.49436681,11.3417208,27759,4107,20373,3279,622.472097064297,14.795201556252026,0.7339241327137145,0.14795201556252027,"Emilia-Romagna, Italy",0,0,0
Espirito Santo,Brazil,-19.1834,-40.3089,13437,583,0,12854,334.36601843902804,4.3387660936220875,0.0,0.04338766093622088,"Espirito Santo, Brazil",0,0,0
Extremadura,Spain,39.4937,-6.0679,2964,508,2652,0,278.19910195377616,17.139001349527664,0.8947368421052632,0.17139001349527666,"Extremadura, Spain",0,0,0
Falkland Islands (Malvinas),United Kingdom,-51.7963,-59.5236,13,0,13,0,373.2414585127763,0.0,1.0,0.0,"Falkland Islands (Malvinas), United Kingdom",0,0,0
Faroe Islands,Denmark,61.8926,-6.9118,187,0,187,0,382.686994781541,0.0,1.0,0.0,"Faroe Islands, Denmark",40,87,3
French Guiana,France,4.0,-53.0,477,1,185,291,159.7016224613469,0.20964360587002093,0.38784067085953877,0.0020964360587002098,"French Guiana, France",1829,465,57
French Polynesia,France,-17.6797,-149.4068,60,0,60,0,21.359610400706288,0.0,1.0,0.0,"French Polynesia, France",0,0,0
Friuli Venezia Giulia,Italy,45.6494354,13.76813649,3271,333,2633,305,269.16936850940573,10.180372974625495,0.8049526138795475,0.10180372974625497,"Friuli Venezia Giulia, Italy",0,0,0
Fujian,China,26.0789,117.9874,358,1,355,2,0.9083988835320984,0.2793296089385475,0.9916201117318436,0.002793296089385475,"Fujian, China",0,0,0
Fukui,Japan,35.846614,136.22465400000002,122,8,109,5,15.886719874156347,6.557377049180328,0.8934426229508197,0.06557377049180328,"Fukui, Japan",0,0,0
Fukuoka,Japan,33.526032,130.666949,743,26,616,101,14.558125618793815,3.499327052489906,0.82907133243607,0.034993270524899055,"Fukuoka, Japan",0,0,0
Fukushima,Japan,37.378867,140.223295,81,0,75,6,4.389009270562915,0.0,0.9259259259259259,0.0,"Fukushima, Japan",0,0,0
Galicia,Spain,42.5751,-8.1339,9120,609,9204,0,337.7226164170964,6.677631578947367,1.0092105263157896,0.06677631578947368,"Galicia, Spain",0,0,0
Gansu,China,35.7518,104.2861,139,2,137,0,0.5271141448615851,1.4388489208633093,0.9856115107913669,0.014388489208633094,"Gansu, China",0,0,0
Gibraltar,United Kingdom,36.1408,-5.3536,169,0,149,20,501.6176426938946,0.0,0.8816568047337278,0.0,"Gibraltar, United Kingdom",0,0,0
Gifu,Japan,35.778671,137.055925,150,7,141,2,7.550638356135424,4.666666666666667,0.94,0.04666666666666667,"Gifu, Japan",0,0,0
Goias,Brazil,-15.827,-49.8362,3585,122,0,3463,51.08035302864461,3.403068340306834,0.0,0.03403068340306834,"Goias, Brazil",0,0,0
Grand Princess,Canada,,,13,0,13,0,,0.0,1.0,0.0,"Grand Princess, Canada",0,0,0
Greenland,Denmark,71.7069,-42.6043,13,0,11,2,22.898611991826957,0.0,0.8461538461538461,0.0,"Greenland, Denmark",0,0,0
Guadeloupe,France,16.265,-61.551,162,14,138,10,40.4871453313573,8.641975308641975,0.8518518518518519,0.08641975308641975,"Guadeloupe, France",0,0,0
Guainia,Colombia,2.5854,-68.5247,6,0,0,6,12.470382840753212,0.0,0.0,0.0,"Guainia, Colombia",0,0,0
Guanajuato,Mexico,21.019000000000002,-101.2574,1463,107,871,485,23.490027174894728,7.3137388926862625,0.595352016404648,0.07313738892686261,"Guanajuato, Mexico",0,0,0
Guangdong,China,23.3417,113.4244,1593,8,1583,2,1.4040190375462718,0.5021971123666039,0.9937225360954175,0.005021971123666039,"Guangdong, China",0,0,0
Guangxi,China,23.8298,108.7881,254,2,252,0,0.5156313438895656,0.7874015748031497,0.9921259842519685,0.007874015748031496,"Guangxi, China",0,0,0
Guerrero,Mexico,17.4392,-99.5451,1827,261,1197,369,49.958327044107705,14.285714285714285,0.6551724137931034,0.14285714285714285,"Guerrero, Mexico",0,0,0
Guizhou,China,26.8154,106.8748,147,2,145,0,0.4083333333333333,1.3605442176870748,0.9863945578231292,0.013605442176870748,"Guizhou, China",0,0,0
Gunma,Japan,36.504479,138.985605,149,19,118,12,7.670701421293455,12.751677852348996,0.7919463087248322,0.12751677852348994,"Gunma, Japan",0,0,0
Hainan,China,19.1959,109.7453,169,6,163,0,1.809421841541756,3.5502958579881656,0.9644970414201184,0.03550295857988166,"Hainan, China",0,0,0
Hamburg,Germany,53.5511,9.9937,5082,246,4700,136,276.0187901339305,4.840613931523023,0.9248327430145612,0.048406139315230225,"Hamburg, Germany",0,0,0
Hebei,China,37.8957,114.9042,328,6,322,0,0.4340921122286924,1.8292682926829267,0.9817073170731707,0.018292682926829267,"Hebei, China",0,0,0
Heilongjiang,China,47.862,127.7615,945,13,932,0,2.504638218923933,1.3756613756613756,0.9862433862433863,0.013756613756613757,"Heilongjiang, China",0,0,0
Henan,China,33.882,113.614,1276,22,1254,0,1.3284747527329517,1.7241379310344829,0.9827586206896551,0.017241379310344827,"Henan, China",0,0,0
Hessen,Germany,50.6521,9.1624,10003,476,8900,627,159.6441896010555,4.758572428271519,0.8897330800759772,0.04758572428271519,"Hessen, Germany",0,0,0
Hidalgo,Mexico,20.0911,-98.7624,1670,299,900,471,54.1081008575,17.904191616766468,0.5389221556886228,0.17904191616766468,"Hidalgo, Mexico",0,0,0
Hiroshima,Japan,34.605309000000005,132.788719,164,3,151,10,5.848418270316032,1.8292682926829267,0.9207317073170732,0.018292682926829267,"Hiroshima, Japan",0,0,0
Hokkaido,Japan,43.385711,142.552318,1077,86,783,208,20.514094249406053,7.985143918291549,0.7270194986072424,0.07985143918291551,"Hokkaido, Japan",0,0,0
Hong Kong,China,22.3,114.2,1082,4,1036,42,14.432462743704539,0.3696857670979667,0.9574861367837338,0.0036968576709796672,"Hong Kong, China",0,0,0
Huancavelica,Peru,-13.023888,-75.00277,430,1,0,429,117.71147002463728,0.2325581395348837,0.0,0.002325581395348837,"Huancavelica, Peru",0,0,0
Huanuco,Peru,-9.421676,-76.040642,848,10,0,838,111.53492042614758,1.179245283018868,0.0,0.01179245283018868,"Huanuco, Peru",0,0,0
Hubei,China,30.9756,112.2707,68135,4512,63619,4,115.15125908399528,6.622147207749322,0.9337198209437146,0.06622147207749321,"Hubei, China",0,0,0
Huila,Colombia,2.5359,-75.5277,247,13,160,74,22.446668714432935,5.2631578947368425,0.6477732793522267,0.05263157894736842,"Huila, Colombia",0,0,0
Hunan,China,27.6104,111.7088,1019,4,1015,0,1.4770256558921582,0.3925417075564279,0.9960745829244357,0.003925417075564278,"Hunan, China",0,0,0
Hyogo,Japan,35.039913,134.828057,699,41,626,32,12.787700390948725,5.865522174535051,0.8955650929899857,0.058655221745350504,"Hyogo, Japan",0,0,0
Ibaraki,Japan,36.303588,140.319591,168,10,147,11,5.873495397522015,5.9523809523809526,0.875,0.05952380952380952,"Ibaraki, Japan",0,0,0
Ica,Peru,-14.235097,-75.574821,2789,239,0,2550,285.99261689909764,8.56937970598781,0.0,0.08569379705987809,"Ica, Peru",0,0,0
Inner Mongolia,China,44.0935,113.9448,232,1,206,25,0.9155485398579322,0.4310344827586207,0.8879310344827587,0.004310344827586207,"Inner Mongolia, China",0,0,0
Ishikawa,Japan,36.769464,136.771027,298,25,219,54,26.19437102304841,8.389261744966444,0.7348993288590604,0.08389261744966443,"Ishikawa, Japan",0,0,0
Isle of Man,United Kingdom,54.2361,-4.5481,336,24,309,3,395.14535704205474,7.142857142857142,0.9196428571428571,0.07142857142857142,"Isle of Man, United Kingdom",0,0,0
Jalisco,Mexico,20.6595,-103.3494,1660,139,932,589,19.739127219031662,8.373493975903614,0.5614457831325301,0.08373493975903615,"Jalisco, Mexico",0,0,0
Jiangsu,China,32.9711,119.455,653,0,653,0,0.8110793690224817,0.0,1.0,0.0,"Jiangsu, China",0,0,0
Jiangxi,China,27.614,115.7221,937,1,936,0,2.01592082616179,0.10672358591248668,0.9989327641408752,0.0010672358591248667,"Jiangxi, China",0,0,0
Jilin,China,43.6661,126.1923,155,2,144,9,0.5732248520710059,1.2903225806451613,0.9290322580645162,0.012903225806451613,"Jilin, China",0,0,0
Junin,Peru,-11.541783,-74.876968,1816,19,0,1797,133.38229893499818,1.0462555066079295,0.0,0.010462555066079295,"Junin, Peru",0,0,0
Kagawa,Japan,34.217292,133.969047,28,0,28,0,2.927807584485548,0.0,1.0,0.0,"Kagawa, Japan",0,0,0
Kagoshima,Japan,31.009484000000004,130.430665,10,0,10,0,0.6241133689452422,0.0,1.0,0.0,"Kagoshima, Japan",0,0,0
Kanagawa,Japan,35.415312,139.338983,1363,86,1061,216,14.818007042195337,6.3096111518708735,0.7784299339691856,0.06309611151870873,"Kanagawa, Japan",0,0,0
Kochi,Japan,33.422519,133.367307,74,3,70,1,10.601278743433296,4.0540540540540535,0.9459459459459459,0.04054054054054054,"Kochi, Japan",0,0,0
Kumamoto,Japan,32.608154,130.74523100000002,47,3,42,2,2.6894533943476846,6.382978723404255,0.8936170212765957,0.06382978723404255,"Kumamoto, Japan",0,0,0
Kyoto,Japan,35.253815,135.443341,358,17,323,18,13.860083617342449,4.748603351955309,0.9022346368715084,0.04748603351955307,"Kyoto, Japan",0,0,0
La Guajira,Colombia,11.3548,-72.5205,57,4,18,35,6.4731534478059425,7.0175438596491215,0.3157894736842105,0.07017543859649122,"La Guajira, Colombia",0,0,0
La Libertad,Peru,-7.92139,-78.370238,3998,184,0,3814,198.23482744942487,4.602301150575288,0.0,0.04602301150575288,"La Libertad, Peru",0,0,0
La Rioja,Spain,42.2871,-2.5396,4051,360,3107,584,1291.8924262766645,8.886694643297949,0.7669711182424093,0.08886694643297952,"La Rioja, Spain",0,0,0
Lambayeque,Peru,-6.353049,-79.824113,7020,611,0,6409,535.5508086664631,8.703703703703704,0.0,0.08703703703703704,"Lambayeque, Peru",0,0,0
Lazio,Italy,41.89277044,12.48366722,7715,728,3932,3055,131.2279706253459,9.436163318211275,0.5096565132858069,0.09436163318211277,"Lazio, Italy",0,0,0
Liaoning,China,41.2956,122.6085,149,2,147,0,0.3418215186969488,1.342281879194631,0.9865771812080537,0.013422818791946308,"Liaoning, China",0,0,0
Liguria,Italy,44.41149315,8.9326992,9651,1459,7411,781,622.3881752050768,15.117604393327115,0.7678996995130039,0.15117604393327116,"Liguria, Italy",0,0,0
Lima,Peru,-11.766533,-76.60449799999998,96583,1625,0,94958,908.7171284753258,1.6824907074744002,0.0,0.016824907074744003,"Lima, Peru",0,0,0
Lombardia,Italy,45.46679409,9.190347404,88758,16079,50870,21809,882.2359439928576,18.115550147592327,0.5731314360395683,0.1811555014759233,"Lombardia, Italy",0,0,0
Loreto,Peru,-4.124847,-74.424115,4635,295,0,4340,451.0509926041261,6.364617044228695,0.0,0.06364617044228695,"Loreto, Peru",0,0,0
Los Lagos,Chile,-41.9198,-72.1416,860,13,0,847,103.77599830096969,1.5116279069767442,0.0,0.015116279069767442,"Los Lagos, Chile",0,0,0
Los Rios,Chile,-40.231,-72.3311,345,6,0,339,89.64834462382774,1.7391304347826086,0.0,0.017391304347826087,"Los Rios, Chile",0,0,0
Macau,China,22.1667,113.55,45,0,45,0,6.930092308829553,0.0,1.0,0.0,"Macau, China",0,0,0
Madre de Dios,Peru,-11.972699,-70.53171999999998,485,6,0,479,279.0563866513233,1.2371134020618555,0.0,0.012371134020618556,"Madre de Dios, Peru",0,0,0
Madrid,Spain,40.4168,-3.7038,68740,8691,40736,19313,1034.983932454124,12.643293569973814,0.5926098341576956,0.12643293569973815,"Madrid, Spain",0,0,0
Magallanes,Chile,-52.368,-70.9863,1054,19,0,1035,632.9075918886948,1.802656546489564,0.0,0.018026565464895637,"Magallanes, Chile",0,0,0
Magdalena,Colombia,10.4113,-74.4057,568,38,173,357,42.33290056389213,6.690140845070423,0.3045774647887324,0.06690140845070422,"Magdalena, Colombia",0,0,0
Manitoba,Canada,53.7609,-98.8139,294,7,278,9,21.342749309082933,2.380952380952381,0.9455782312925171,0.023809523809523808,"Manitoba, Canada",0,0,0
Maranhao,Brazil,-4.9609,-45.2744,32620,932,0,31688,461.0482756554214,2.8571428571428568,0.0,0.02857142857142857,"Maranhao, Brazil",0,0,0
Marche,Italy,43.61675973,13.5188753,6727,987,4393,1347,441.0363797646452,14.672216441207075,0.653039988107626,0.14672216441207075,"Marche, Italy",0,0,0
Martinique,France,14.6415,-61.0242,200,14,98,88,53.29567105911822,7.0,0.49,0.07,"Martinique, France",0,0,0
Mato Grosso,Brazil,-12.6819,-56.9211,2361,57,0,2304,67.75787165092153,2.4142312579415504,0.0,0.0241423125794155,"Mato Grosso, Brazil",0,0,0
Mato Grosso do Sul,Brazil,-20.7722,-54.7852,1418,19,0,1399,51.025805815502494,1.3399153737658671,0.0,0.013399153737658674,"Mato Grosso do Sul, Brazil",0,0,0
Maule,Chile,-35.5183,-71.6885,1256,15,0,1241,120.19713861907269,1.1942675159235672,0.0,0.01194267515923567,"Maule, Chile",0,0,0
Mayotte,France,-12.8275,45.166244,1699,21,1385,293,622.7709090109342,1.2360211889346675,0.8151854031783402,0.012360211889346674,"Mayotte, France",0,0,0
Mecklenburg-Vorpommern,Germany,53.6127,12.4296,761,20,721,20,47.276624163262774,2.628120893561104,0.9474375821287779,0.026281208935611037,"Mecklenburg-Vorpommern, Germany",0,0,0
Melilla,Spain,35.2923,-2.9381,121,2,125,0,142.8756981426159,1.6528925619834711,1.0330578512396693,0.01652892561983471,"Melilla, Spain",0,0,0
Meta,Colombia,3.272,-73.0877,974,9,101,864,93.6788872410125,0.9240246406570842,0.10369609856262833,0.009240246406570842,"Meta, Colombia",0,0,0
Metropolitana,Chile,-33.4376,-70.6505,76251,728,0,75523,1072.0238758026367,0.9547415771596438,0.0,0.009547415771596438,"Metropolitana, Chile",0,0,0
Mexico,Mexico,19.4969,-99.7233,14334,1148,11213,1973,82.24794996956011,8.008929817217803,0.7822659411190177,0.08008929817217804,"Mexico, Mexico",0,0,0
Michoacan,Mexico,19.5665,-101.7068,1869,163,1278,428,38.73253228073688,8.721241305510969,0.6837881219903692,0.08721241305510968,"Michoacan, Mexico",0,0,0
Mie,Japan,34.508018,136.376013,45,1,41,3,2.526837825302294,2.2222222222222223,0.9111111111111111,0.022222222222222223,"Mie, Japan",0,0,0
Minas Gerais,Brazil,-18.5122,-44.555,9630,263,0,9367,45.4914973651542,2.7310488058151607,0.0,0.02731048805815161,"Minas Gerais, Brazil",0,0,0
Miyagi,Japan,38.446859,140.927086,88,1,87,0,3.8155278977958815,1.1363636363636365,0.9886363636363636,0.011363636363636364,"Miyagi, Japan",0,0,0
Miyazaki,Japan,32.193203999999994,131.299374,17,0,17,0,1.583898645393976,0.0,1.0,0.0,"Miyazaki, Japan",0,0,0
Molise,Italy,41.55774754,14.65916051,436,22,258,156,142.66222101519222,5.045871559633029,0.591743119266055,0.05045871559633028,"Molise, Italy",0,0,0
Montserrat,United Kingdom,16.742498,-62.187366,11,1,10,0,220.0440088017604,9.090909090909092,0.9090909090909091,0.09090909090909091,"Montserrat, United Kingdom",0,0,0
Moquegua,Peru,-16.860271,-70.839046,477,2,0,475,247.53502854177484,0.4192872117400419,0.0,0.0041928721174004195,"Moquegua, Peru",0,0,0
Morelos,Mexico,18.6813,-99.1013,1391,262,847,282,68.05090657897182,18.835370237239395,0.6089144500359454,0.18835370237239396,"Morelos, Mexico",0,0,0
Murcia,Spain,37.9922,-1.1307,1597,148,2180,0,107.3495811887504,9.267376330619912,1.3650594865372574,0.09267376330619913,"Murcia, Spain",0,0,0
Nagano,Japan,36.132134,138.045528,75,0,69,6,3.660697289619727,0.0,0.92,0.0,"Nagano, Japan",0,0,0
Nagasaki,Japan,33.235712,129.608033,17,1,16,0,1.2815448495466346,5.882352941176472,0.9411764705882353,0.058823529411764705,"Nagasaki, Japan",0,0,0
Nara,Japan,34.317451,135.871644,92,2,88,2,6.916653572639523,2.1739130434782608,0.9565217391304348,0.021739130434782608,"Nara, Japan",0,0,0
Narino,Colombia,1.2892,-77.3579,946,39,116,791,58.01573906900071,4.12262156448203,0.1226215644820296,0.0412262156448203,"Narino, Colombia",0,0,0
Navarra,Spain,42.6954,-1.6761,5247,490,3905,852,807.2978370510782,9.338669716028207,0.7442348008385744,0.09338669716028207,"Navarra, Spain",0,0,0
Nayarit,Mexico,21.7514,-104.8455,552,52,349,151,42.83815172000612,9.420289855072463,0.6322463768115942,0.09420289855072464,"Nayarit, Mexico",0,0,0
New Brunswick,Canada,46.5653,-66.4619,129,0,120,9,16.538609961884273,0.0,0.9302325581395349,0.0,"New Brunswick, Canada",0,0,0
New Caledonia,France,-20.904305,165.618042,19,0,18,1,6.655201039612456,0.0,0.9473684210526315,0.0,"New Caledonia, France",0,0,0
New South Wales,Australia,-33.8688,151.2093,3095,48,2685,362,38.125153978812506,1.5508885298869144,0.8675282714054927,0.015508885298869143,"New South Wales, Australia",0,0,0
Newfoundland and Labrador,Canada,53.1355,-57.6604,261,3,255,3,50.06089783548954,1.1494252873563218,0.9770114942528736,0.011494252873563218,"Newfoundland and Labrador, Canada",0,0,0
Niedersachsen,Germany,52.6367,9.8451,11958,596,10600,762,149.80366925033525,4.984111055360428,0.8864358588392708,0.04984111055360428,"Niedersachsen, Germany",0,0,0
Niigata,Japan,37.521819,138.918647,82,0,77,5,3.688533070397903,0.0,0.9390243902439024,0.0,"Niigata, Japan",0,0,0
Ningxia,China,37.2692,106.1655,75,0,75,0,1.0901162790697674,0.0,1.0,0.0,"Ningxia, China",0,0,0
Nordrhein-Westfalen,Germany,51.4332,7.6616,37910,1595,34300,2015,211.40209554069835,4.207333157478239,0.9047744658401478,0.04207333157478238,"Nordrhein-Westfalen, Germany",0,0,0
Norte de Santander,Colombia,7.9463,-72.8988,128,13,85,30,8.580877113124787,10.15625,0.6640625,0.1015625,"Norte de Santander, Colombia",0,0,0
Northern Territory,Australia,-12.4634,130.8456,29,0,29,0,11.807817589576548,0.0,1.0,0.0,"Northern Territory, Australia",0,0,0
Northwest Territories,Canada,64.8255,-124.8457,5,0,5,0,11.134865490824868,0.0,1.0,0.0,"Northwest Territories, Canada",0,0,0
Nova Scotia,Canada,44.682,-63.7443,1056,60,978,18,108.03544299135409,5.6818181818181825,0.9261363636363636,0.056818181818181816,"Nova Scotia, Canada",0,0,0
Nuble,Chile,-36.7226,-71.7622,1256,23,0,1233,261.3350977613819,1.8312101910828025,0.0,0.018312101910828025,"Nuble, Chile",0,0,0
Nuevo Leon,Mexico,25.5922,-99.9962,1372,87,997,288,24.455661013166665,6.3411078717201175,0.7266763848396501,0.06341107871720117,"Nuevo Leon, Mexico",0,0,0
OHiggins,Chile,-34.5755,-71.0022,756,16,0,740,82.66315311818316,2.1164021164021163,0.0,0.021164021164021163,"OHiggins, Chile",0,0,0
Oaxaca,Mexico,17.0732,-96.7266,1333,148,837,348,32.170147985094104,11.102775693923483,0.627906976744186,0.1110277569392348,"Oaxaca, Mexico",0,0,0
Oita,Japan,33.200697,131.43323999999998,60,1,58,1,5.284322998958988,1.6666666666666667,0.9666666666666667,0.016666666666666666,"Oita, Japan",0,0,0
Okayama,Japan,34.89246,133.826252,25,0,25,0,1.323041131761137,0.0,1.0,0.0,"Okayama, Japan",0,0,0
Okinawa,Japan,25.768923,126.668016,145,6,137,2,9.978199354788986,4.137931034482759,0.9448275862068966,0.041379310344827586,"Okinawa, Japan",0,0,0
Ontario,Canada,51.2538,-85.3232,29023,2332,21754,4937,197.2766536746252,8.035006718809221,0.7495434655273404,0.0803500671880922,"Ontario, Canada",0,0,0
Osaka,Japan,34.620965000000005,135.507481,1782,83,1552,147,20.228477359827266,4.657687991021325,0.8709315375982043,0.04657687991021325,"Osaka, Japan",0,0,0
P.A. Bolzano,Italy,46.49933453,11.35662422,2596,291,2168,137,487.6784177878636,11.209553158705699,0.8351309707241911,0.11209553158705701,"P.A. Bolzano, Italy",0,0,0
P.A. Trento,Italy,46.06893511,11.12123097,4429,462,3601,366,818.0370804073747,10.43124858884624,0.8130503499661323,0.10431248588846241,"P.A. Trento, Italy",0,0,0
Pais Vasco,Spain,42.9896,-2.6189,13506,1424,16160,0,620.1443605708304,10.54346216496372,1.1965052569228491,0.1054346216496372,"Pais Vasco, Spain",0,0,0
Para,Brazil,-1.9981,-54.9306,37296,2900,0,34396,433.5299926245501,7.775632775632776,0.0,0.07775632775632775,"Para, Brazil",0,0,0
Paraiba,Brazil,-7.24,-36.782,12862,347,0,12515,320.09938959122,2.6978696936712794,0.0,0.026978696936712798,"Paraiba, Brazil",0,0,0
Parana,Brazil,-25.2521,-52.0215,4473,181,0,4292,39.12031504054108,4.046501229599822,0.0,0.040465012295998214,"Parana, Brazil",0,0,0
Pasco,Peru,-10.39655,-75.307635,458,9,0,449,168.44428098565652,1.965065502183406,0.0,0.019650655021834062,"Pasco, Peru",0,0,0
Pernambuco,Brazil,-8.8137,-36.9541,33427,2740,0,30687,349.7619720518975,8.19696652406737,0.0,0.0819696652406737,"Pernambuco, Brazil",0,0,0
Piaui,Brazil,-7.7183,-42.7289,4745,157,0,4588,144.96397591734396,3.308746048472076,0.0,0.033087460484720756,"Piaui, Brazil",0,0,0
Piemonte,Italy,45.0732745,7.680687483,30583,3858,21435,5290,702.0236405881363,12.614851388026027,0.700879573619331,0.12614851388026027,"Piemonte, Italy",0,0,0
Piura,Peru,-5.133361,-80.335861,7180,510,0,6670,350.5859375,7.103064066852367,0.0,0.07103064066852367,"Piura, Peru",0,0,0
Port Quarantine,Japan,,,194,0,153,41,,0.0,0.788659793814433,0.0,"Port Quarantine, Japan",0,0,0
Prince Edward Island,Canada,46.5107,-63.4168,27,0,27,0,17.071536058877832,0.0,1.0,0.0,"Prince Edward Island, Canada",0,0,0
Puebla,Mexico,19.0414,-98.2063,2918,349,1827,742,44.18232491996685,11.960246744345444,0.6261137765592872,0.11960246744345442,"Puebla, Mexico",0,0,0
Puglia,Italy,41.12559576,16.86736689,4490,500,2768,1222,111.44057921303094,11.135857461024498,0.6164810690423163,0.111358574610245,"Puglia, Italy",0,0,0
Puno,Peru,-14.995826999999998,-69.922726,333,7,0,326,26.898222940226173,2.1021021021021022,0.0,0.021021021021021023,"Puno, Peru",0,0,0
Putumayo,Colombia,0.436,-75.5277,8,1,0,7,2.297648930731629,12.5,0.0,0.125,"Putumayo, Colombia",0,0,0
Qinghai,China,35.7452,95.9956,18,0,18,0,0.29850746268656714,0.0,1.0,0.0,"Qinghai, China",0,0,0
Quebec,Canada,52.9399,-73.5491,50651,4439,16070,30142,593.2646292186841,8.763894098833191,0.31726915559416397,0.08763894098833191,"Quebec, Canada",0,0,0
Queensland,Australia,-27.4698,153.0251,1058,7,1046,5,20.682240250219923,0.6616257088846881,0.9886578449905482,0.006616257088846881,"Queensland, Australia",0,0,0
Queretaro,Mexico,20.5888,-100.3899,875,104,546,225,38.38330400848907,11.885714285714286,0.624,0.11885714285714286,"Queretaro, Mexico",0,0,0
Quindio,Colombia,4.461,-75.6674,107,2,74,31,19.818338074917023,1.8691588785046729,0.6915887850467289,0.018691588785046728,"Quindio, Colombia",0,0,0
Quintana Roo,Mexico,19.1817,-88.4791,1850,347,1218,285,107.35472729287935,18.75675675675676,0.6583783783783784,0.18756756756756757,"Quintana Roo, Mexico",0,0,0
Reunion,France,-21.1151,55.5364,471,1,411,59,52.60759425806538,0.21231422505307854,0.8726114649681529,0.0021231422505307855,"Reunion, France",0,0,0
Rheinland-Pfalz,Germany,50.1183,7.309,6695,230,6181,284,163.8985479004829,3.4353995519044065,0.923226288274832,0.03435399551904406,"Rheinland-Pfalz, Germany",0,0,0
Rio Grande do Norte,Brazil,-5.4026,-36.9541,7402,305,0,7097,211.07243445904348,4.1205079708186965,0.0,0.04120507970818698,"Rio Grande do Norte, Brazil",0,0,0
Rio Grande do Sul,Brazil,-30.0346,-51.2177,9242,218,0,9024,81.23236226293568,2.358796797230037,0.0,0.023587967972300367,"Rio Grande do Sul, Brazil",0,0,0
Rio de Janeiro,Brazil,-22.9068,-43.1729,52420,5277,0,47143,303.62104294233694,10.066768409004196,0.0,0.10066768409004197,"Rio de Janeiro, Brazil",0,0,0
Risaralda,Colombia,5.3158,-75.9928,251,8,206,37,26.605865374321205,3.187250996015936,0.8207171314741036,0.03187250996015936,"Risaralda, Colombia",0,0,0
Rondonia,Brazil,-11.5057,-63.5806,4743,151,0,4592,266.87673198385124,3.183639047016656,0.0,0.031836390470166565,"Rondonia, Brazil",0,0,0
Roraima,Brazil,-2.7376,-62.0751,3299,110,0,3189,544.6042250986775,3.3343437405274328,0.0,0.033343437405274325,"Roraima, Brazil",0,0,0
Saarland,Germany,49.3964,7.023,2731,165,2491,75,275.71682841852015,6.0417429512998915,0.9121201025265471,0.0604174295129989,"Saarland, Germany",0,0,0
Sachsen,Germany,51.1045,13.2017,5299,213,4850,236,129.94315508062041,4.01962634459332,0.9152670315153802,0.040196263445933196,"Sachsen, Germany",0,0,0
Sachsen-Anhalt,Germany,51.9503,11.6923,1704,55,1596,53,77.16269509731602,3.227699530516432,0.9366197183098591,0.03227699530516432,"Sachsen-Anhalt, Germany",0,0,0
Saga,Japan,33.286977,130.115738,45,0,37,8,5.523431008050707,0.0,0.8222222222222222,0.0,"Saga, Japan",0,0,0
Saint Barthelemy,France,17.9,-62.8333,6,0,6,0,60.69802731411229,0.0,1.0,0.0,"Saint Barthelemy, France",0,0,0
Saint Pierre and Miquelon,France,46.8852,-56.3159,1,0,1,0,17.25625539257981,0.0,1.0,0.0,"Saint Pierre and Miquelon, France",0,0,0
Saitama,Japan,35.997101,139.347635,1004,48,890,66,13.660434524271967,4.7808764940239055,0.8864541832669323,0.04780876494023904,"Saitama, Japan",0,0,0
San Andres y Providencia,Colombia,12.5567,-81.7185,17,0,11,6,27.74151436031332,0.0,0.6470588235294118,0.0,"San Andres y Providencia, Colombia",0,0,0
San Luis Potosi,Mexico,22.1565,-100.9855,882,50,557,275,30.773074048668903,5.6689342403628125,0.6315192743764172,0.05668934240362812,"San Luis Potosi, Mexico",0,0,0
San Martin,Peru,-7.039531,-76.729127,1225,19,0,1206,136.17163183637172,1.5510204081632653,0.0,0.015510204081632653,"San Martin, Peru",0,0,0
Santa Catarina,Brazil,-27.2423,-50.2189,8778,136,0,8642,122.51583717480543,1.5493278651173388,0.0,0.015493278651173389,"Santa Catarina, Brazil",0,0,0
Santander,Colombia,6.6437,-73.6536,59,3,38,18,2.7004302838152228,5.084745762711863,0.6440677966101694,0.05084745762711865,"Santander, Colombia",0,0,0
Sao Paulo,Brazil,-23.5505,-46.6333,107142,7532,0,99610,233.3280029383884,7.029922906049916,0.0,0.07029922906049915,"Sao Paulo, Brazil",0,0,0
Sardegna,Italy,39.21531192,9.110616306,1356,130,1040,186,82.70355228834508,9.587020648967552,0.7669616519174042,0.09587020648967552,"Sardegna, Italy",0,0,0
Saskatchewan,Canada,52.9399,-106.4509,645,10,580,55,54.58395181041005,1.5503875968992251,0.8992248062015504,0.015503875968992248,"Saskatchewan, Canada",0,0,0
Schleswig-Holstein,Germany,54.2194,9.6961,3090,145,2800,145,106.67266887422707,4.692556634304207,0.9061488673139159,0.04692556634304207,"Schleswig-Holstein, Germany",0,0,0
Sergipe,Brazil,-10.5741,-37.3857,6805,149,0,6656,296.0374055551495,2.1895664952241,0.0,0.021895664952241,"Sergipe, Brazil",0,0,0
Shaanxi,China,35.1917,108.8701,308,3,305,0,0.7971014492753623,0.9740259740259741,0.9902597402597403,0.00974025974025974,"Shaanxi, China",0,0,0
Shandong,China,36.3427,118.1498,792,7,780,5,0.7882950134368468,0.8838383838383839,0.9848484848484849,0.008838383838383838,"Shandong, China",0,0,0
Shanghai,China,31.202,121.4491,672,7,657,8,2.7722772277227716,1.0416666666666667,0.9776785714285714,0.010416666666666666,"Shanghai, China",0,0,0
Shanxi,China,37.5777,112.2922,198,0,198,0,0.5325443786982249,0.0,1.0,0.0,"Shanxi, China",0,0,0
Shiga,Japan,35.21582700000001,136.138064,100,1,91,8,7.072420882595693,1.0,0.91,0.01,"Shiga, Japan",0,0,0
Shimane,Japan,35.07076,132.55406399999998,24,0,20,4,3.5590038348266315,0.0,0.8333333333333334,0.0,"Shimane, Japan",0,0,0
Shizuoka,Japan,34.916975,138.40778400000002,75,1,72,2,2.0584444527392134,1.3333333333333333,0.96,0.013333333333333334,"Shizuoka, Japan",0,0,0
Sichuan,China,30.6171,102.7103,564,3,558,3,0.6761779163169884,0.5319148936170213,0.9893617021276596,0.005319148936170213,"Sichuan, China",0,0,0
Sicilia,Italy,38.11569725,13.362356699999998,3442,273,2170,999,68.84150074471623,7.9314352120859954,0.6304474142940151,0.07931435212085997,"Sicilia, Italy",0,0,0
Sinaloa,Mexico,25.1721,-107.4795,3261,488,2283,490,103.30493424408094,14.964734743943575,0.7000919963201472,0.14964734743943575,"Sinaloa, Mexico",0,0,0
Sint Maarten,Netherlands,18.0425,-63.0548,77,15,60,2,179.56252040483187,19.48051948051948,0.7792207792207793,0.19480519480519481,"Sint Maarten, Netherlands",0,0,0
Sonora,Mexico,29.2972,-110.3309,1865,109,1409,347,60.65543646708914,5.8445040214477215,0.7554959785522788,0.05844504021447721,"Sonora, Mexico",0,0,0
South Australia,Australia,-34.9285,138.6007,440,4,435,1,25.04981497295759,0.9090909090909092,0.9886363636363636,0.00909090909090909,"South Australia, Australia",0,0,0
St Martin,France,18.0708,-63.0501,41,3,33,5,106.0555110064927,7.317073170731707,0.8048780487804879,0.07317073170731707,"St Martin, France",0,0,0
Sucre,Colombia,8.814,-74.7233,15,0,3,12,1.6577095096163728,0.0,0.2,0.0,"Sucre, Colombia",0,0,0
Tabasco,Mexico,17.8409,-92.6189,4009,508,2731,770,155.85352645330792,12.67148914941382,0.6812172611623847,0.1267148914941382,"Tabasco, Mexico",0,0,0
Tacna,Peru,-17.644160999999997,-70.27756,375,4,0,371,101.07816711590296,1.0666666666666669,0.0,0.010666666666666666,"Tacna, Peru",0,0,0
Tamaulipas,Mexico,24.2669,-98.8363,1554,107,1116,331,42.56832160832651,6.885456885456885,0.7181467181467182,0.06885456885456885,"Tamaulipas, Mexico",0,0,0
Tarapaca,Chile,-19.9232,-69.5132,2250,18,0,2232,680.6672354019566,0.8,0.0,0.008,"Tarapaca, Chile",0,0,0
Tasmania,Australia,-42.8821,147.3272,228,13,206,9,42.57703081232493,5.701754385964912,0.9035087719298246,0.05701754385964912,"Tasmania, Australia",0,0,0
Thuringen,Germany,51.011,10.8453,2977,162,2590,225,138.90800669110115,5.441719852200202,0.8700033590863285,0.05441719852200202,"Thuringen, Germany",0,0,0
Tianjin,China,39.3054,117.323,192,3,188,1,1.2307692307692308,1.5625,0.9791666666666666,0.015625,"Tianjin, China",0,0,0
Tibet,China,31.6927,88.0924,1,0,1,0,0.02906976744186046,0.0,1.0,0.0,"Tibet, China",0,0,0
Tlaxcala,Mexico,19.3139,-98.2404,1001,148,623,230,72.53565370131108,14.785214785214784,0.6223776223776224,0.14785214785214784,"Tlaxcala, Mexico",0,0,0
Tocantins,Brazil,-10.1753,-48.2982,3981,71,0,3910,253.10484173476956,1.7834714895754835,0.0,0.017834714895754836,"Tocantins, Brazil",0,0,0
Tochigi,Japan,36.689912,139.819213,65,0,46,19,3.36092740913862,0.0,0.7076923076923077,0.0,"Tochigi, Japan",0,0,0
Tokushima,Japan,33.919178,134.242091,5,1,4,0,0.6868348862670112,20.0,0.8,0.2,"Tokushima, Japan",0,0,0
Tokyo,Japan,35.711343,139.446921,5235,304,4508,423,37.605967474394,5.807067812798473,0.8611270296084049,0.05807067812798472,"Tokyo, Japan",0,0,0
Tolima,Colombia,4.0925,-75.1545,247,9,122,116,18.5688177677274,3.643724696356276,0.4939271255060729,0.03643724696356275,"Tolima, Colombia",0,0,0
Toscana,Italy,43.76923077,11.25588885,10100,1037,7897,1166,270.8035438263361,10.267326732673267,0.7818811881188119,0.10267326732673267,"Toscana, Italy",0,0,0
Tottori,Japan,35.359069,133.863619,3,0,3,0,0.5399976240104544,0.0,1.0,0.0,"Tottori, Japan",0,0,0
Toyama,Japan,36.637464,137.26934599999998,227,22,187,18,21.75367177063389,9.691629955947137,0.8237885462555066,0.09691629955947137,"Toyama, Japan",0,0,0
Tumbes,Peru,-3.857496,-80.54525500000003,1219,71,0,1148,484.6918489065606,5.8244462674323225,0.0,0.05824446267432322,"Tumbes, Peru",0,0,0
Turks and Caicos Islands,United Kingdom,21.69400000000001,-71.7979,12,1,11,0,30.99333643266697,8.333333333333334,0.9166666666666666,0.08333333333333333,"Turks and Caicos Islands, United Kingdom",0,0,0
Ucayali,Peru,-9.621718,-73.444929,3645,107,0,3538,618.7404515362417,2.9355281207133057,0.0,0.029355281207133058,"Ucayali, Peru",0,0,0
Umbria,Italy,43.10675841,12.38824698,1431,76,1324,31,162.2421387391371,5.310971348707199,0.9252271139063591,0.053109713487071976,"Umbria, Italy",0,0,0
Unknown,Brazil,,,0,0,200892,0,,,inf,,"Unknown, Brazil",0,0,0
Unknown,Chile,,,0,0,40431,0,,,inf,,"Unknown, Chile",0,0,0
Unknown,Germany,,,1646,0,0,1646,,0.0,0.0,0.0,"Unknown, Germany",0,0,0
Unknown,Japan,,,8,0,0,8,,0.0,0.0,0.0,"Unknown, Japan",0,0,0
Unknown,Peru,,,0,0,66447,0,,,inf,,"Unknown, Peru",0,0,0
Unknown,Spain,,,0,0,0,0,,,,,"Unknown, Spain",0,0,0
Valle d'Aosta,Italy,45.73750286,7.320149366,1183,143,1023,17,941.3843044260183,12.087912087912088,0.8647506339814032,0.12087912087912088,"Valle d'Aosta, Italy",0,0,0
Valle del Cauca,Colombia,3.8009,-76.6413,3083,149,855,2079,68.88021723520215,4.832954914044762,0.2773272786247162,0.04832954914044762,"Valle del Cauca, Colombia",0,0,0
Valparaiso,Chile,-33.0472,-71.6127,3037,63,0,2974,167.24470813953616,2.0744155416529466,0.0,0.02074415541652947,"Valparaiso, Chile",0,0,0
Vaupes,Colombia,0.8554,-70.812,11,0,0,11,26.962766870113,0.0,0.0,0.0,"Vaupes, Colombia",0,0,0
Veneto,Italy,45.43490485,12.33845213,19146,1916,15618,1612,390.2684425586249,10.007312232320066,0.8157317455343153,0.10007312232320068,"Veneto, Italy",0,0,0
Veracruz,Mexico,19.1738,-96.1342,3624,506,2535,583,42.436282928225296,13.962472406181016,0.6995033112582781,0.13962472406181015,"Veracruz, Mexico",0,0,0
Vichada,Colombia,4.4234,-69.2878,1,0,0,1,0.9275749480558028,0.0,0.0,0.0,"Vichada, Colombia",0,0,0
Victoria,Australia,-37.8136,144.9631,1649,19,1557,73,24.872170017647324,1.1522134627046694,0.9442086112795633,0.011522134627046696,"Victoria, Australia",0,0,0
Wakayama,Japan,33.911879,135.505446,63,3,57,3,6.811304170139892,4.761904761904762,0.9047619047619048,0.047619047619047616,"Wakayama, Japan",0,0,0
Western Australia,Australia,-31.9505,115.8605,586,9,552,25,22.276286778681673,1.5358361774744027,0.9419795221843004,0.015358361774744027,"Western Australia, Australia",0,0,0
Xinjiang,China,41.1129,85.2401,76,3,73,0,0.30558906312826695,3.947368421052632,0.9605263157894737,0.039473684210526314,"Xinjiang, China",0,0,0
Yamagata,Japan,38.448396,140.102154,69,0,66,3,6.402725890953227,0.0,0.9565217391304348,0.0,"Yamagata, Japan",0,0,0
Yamaguchi,Japan,34.201190000000004,131.573293,37,0,35,2,2.7239210327930645,0.0,0.9459459459459459,0.0,"Yamaguchi, Japan",0,0,0
Yamanashi,Japan,35.612364,138.61148899999998,64,1,57,6,7.891920153497847,1.5625,0.890625,0.015625,"Yamanashi, Japan",0,0,0
Yucatan,Mexico,20.7099,-89.0943,1771,146,1226,399,78.39412013113198,8.243929983060418,0.6922642574816488,0.08243929983060418,"Yucatan, Mexico",0,0,0
Yukon,Canada,64.2823,-135.0,11,0,11,0,26.778324163785967,0.0,1.0,0.0,"Yukon, Canada",0,0,0
Yunnan,China,24.974,101.487,185,2,183,0,0.3830227743271222,1.0810810810810811,0.9891891891891892,0.010810810810810811,"Yunnan, China",0,0,0
Zacatecas,Mexico,22.7709,-102.5832,284,33,188,63,17.042460931358487,11.619718309859154,0.6619718309859155,0.11619718309859155,"Zacatecas, Mexico",0,0,0
Zhejiang,China,29.1832,120.0934,1268,1,1267,0,2.2102143977688686,0.07886435331230282,0.999211356466877,0.0007886435331230284,"Zhejiang, China",0,0,0
Afghanistan,Afghanistan,33.93911,67.709953,14525,249,1303,12973,37.31214746603253,1.7142857142857142,0.08970740103270224,0.017142857142857144,Afghanistan,866,44,3
Albania,Albania,41.1533,20.1683,1122,33,857,232,38.98811592188478,2.9411764705882355,0.7638146167557932,0.029411764705882353,Albania,23,6,0
Algeria,Algeria,28.0339,1.6596,9267,646,5549,3072,21.132906690497645,6.970972267184633,0.5987914103809215,0.06970972267184633,Algeria,133,127,8
Andorra,Andorra,42.5063,1.5218,764,51,692,21,988.8047628292239,6.675392670157068,0.9057591623036649,0.06675392670157068,Andorra,0,8,0
Angola,Angola,-11.2027,17.8739,84,4,18,62,0.2555811934595069,4.761904761904762,0.21428571428571427,0.047619047619047616,Angola,3,0,0
Antigua and Barbuda,Antigua and Barbuda,17.0608,-61.7964,25,3,19,3,25.52896005228331,12.0,0.76,0.12,Antigua and Barbuda,0,0,0
Argentina,Argentina,-38.4161,-63.6167,16214,528,4788,10898,35.875033191707274,3.2564450474898234,0.29530035771555446,0.032564450474898234,Argentina,795,0,8
Armenia,Armenia,40.0691,45.0382,8927,127,3317,5483,301.2586923611163,1.4226503864680184,0.37156939621373364,0.014226503864680183,Armenia,251,20,7
Austria,Austria,47.5162,14.5501,16685,668,15520,497,185.25715047077637,4.003596044351213,0.9301768055139347,0.04003596044351214,Austria,30,173,0
Azerbaijan,Azerbaijan,40.1431,47.5769,5246,61,3327,1858,51.73990980528496,1.162790697674419,0.6341974837971788,0.011627906976744186,Azerbaijan,257,202,3
Bahamas,Bahamas,25.025885,-78.035889,102,11,48,43,25.937830580193673,10.784313725490195,0.47058823529411764,0.10784313725490197,Bahamas,0,0,0
Bahrain,Bahrain,26.0275,50.55,10793,17,5826,4950,634.291715420288,0.1575094968961364,0.5397943111275827,0.0015750949689613638,Bahrain,344,126,2
Bangladesh,Bangladesh,23.685,90.3563,44608,610,9375,34623,27.086141916021386,1.367467718794835,0.2101640961262554,0.01367467718794835,Bangladesh,1764,360,28
Barbados,Barbados,13.1939,-59.5432,92,7,76,9,32.0143647062508,7.608695652173912,0.8260869565217391,0.07608695652173914,Barbados,0,0,0
Belarus,Belarus,53.7098,27.9534,41658,229,17964,23465,440.8570732225098,0.5497143405828412,0.4312256949445485,0.005497143405828412,Belarus,894,574,5
Belgium,Belgium,50.8333,4.469936,58186,9453,15769,32964,502.0528721572829,16.24617605609597,0.2710102086412539,0.16246176056095968,Belgium,125,87,23
Belize,Belize,17.1899,-88.4976,18,2,16,0,4.5269238797749605,11.111111111111109,0.8888888888888888,0.1111111111111111,Belize,0,0,0
Benin,Benin,9.3077,2.3158,224,3,136,85,1.847697282515719,1.3392857142857142,0.6071428571428571,0.013392857142857142,Benin,0,0,0
Bhutan,Bhutan,27.5142,90.4336,33,0,6,27,4.276760859084618,0.0,0.18181818181818182,0.0,Bhutan,2,0,0
Bolivia,Bolivia,-16.2902,-63.5887,9592,310,889,8393,82.1723307635062,3.2318598832360297,0.0926814011676397,0.0323185988323603,Bolivia,861,140,10
Bosnia and Herzegovina,Bosnia and Herzegovina,43.9159,17.6791,2494,153,1831,510,76.01769682228348,6.134723336006416,0.7341619887730554,0.06134723336006415,Bosnia and Herzegovina,9,28,0
Botswana,Botswana,-22.3285,24.6849,35,1,20,14,1.4883325360123318,2.8571428571428568,0.5714285714285714,0.02857142857142857,Botswana,0,0,0
Brunei,Brunei,4.5353,114.7277,141,2,138,1,32.229823787438605,1.4184397163120568,0.9787234042553191,0.014184397163120567,Brunei,0,0,0
Bulgaria,Bulgaria,42.7339,25.4858,2499,139,1064,1296,35.96488135115123,5.562224889955982,0.4257703081232493,0.05562224889955982,Bulgaria,14,48,3
Burkina Faso,Burkina Faso,12.2383,-1.5616,847,53,720,74,4.051996055355529,6.257378984651713,0.8500590318772137,0.06257378984651712,Burkina Faso,0,0,0
Burma,Burma,21.9162,95.956,224,6,130,88,0.41169058644111023,2.6785714285714284,0.5803571428571429,0.026785714285714284,Burma,17,0,0
Burundi,Burundi,-3.3731,29.9189,63,1,33,29,0.5298222210971676,1.5873015873015872,0.5238095238095238,0.015873015873015872,Burundi,21,13,0
Cabo Verde,Cabo Verde,16.5388,-23.0418,421,4,167,250,75.72105872788622,0.9501187648456056,0.39667458432304037,0.009501187648456057,Cabo Verde,16,12,0
Cambodia,Cambodia,11.55,104.9167,125,0,123,2,0.7476536683986114,0.0,0.984,0.0,Cambodia,1,1,0
Cameroon,Cameroon,3.848,11.5021,5904,191,3568,2145,22.240752834415183,3.2350948509485096,0.6043360433604336,0.0323509485094851,Cameroon,468,242,14
Central African Republic,Central African Republic,6.6111,20.9394,962,1,23,938,19.918157491753217,0.10395010395010396,0.02390852390852391,0.0010395010395010396,Central African Republic,88,0,0
Chad,Chad,15.4542,18.7322,759,65,470,224,4.620762908046392,8.563899868247693,0.619235836627141,0.08563899868247694,Chad,0,26,0
Comoros,Comoros,-11.6455,43.3333,106,2,26,78,12.189582506799145,1.8867924528301887,0.24528301886792453,0.018867924528301886,Comoros,19,2,0
Congo (Brazzaville),Congo (Brazzaville),-0.228,15.8277,571,19,161,391,10.347779631075381,3.327495621716287,0.2819614711033275,0.03327495621716287,Congo (Brazzaville),0,0,0
Congo (Kinshasa),Congo (Kinshasa),-4.0383,21.7587,2966,69,428,2469,3.3116943990739585,2.3263654753877274,0.14430209035738367,0.023263654753877275,Congo (Kinshasa),133,28,0
Costa Rica,Costa Rica,9.7489,-83.7534,1047,10,658,379,20.55313249762373,0.9551098376313276,0.6284622731614136,0.009551098376313277,Costa Rica,25,5,0
Cote d'Ivoire,Cote d'Ivoire,7.54,-5.5471,2799,33,1385,1381,10.611004699890346,1.1789924973204715,0.4948195784208646,0.011789924973204717,Cote d'Ivoire,49,15,1
Croatia,Croatia,45.1,15.2,2246,103,2063,80,54.7101918802865,4.58593054318789,0.9185218165627783,0.0458593054318789,Croatia,1,4,0
Cuba,Cuba,21.521757,-77.78116700000002,2025,83,1795,147,17.87824359897078,4.098765432098766,0.8864197530864197,0.04098765432098765,Cuba,20,35,1
Cyprus,Cyprus,35.1264,33.4299,944,17,790,137,78.18705424475364,1.8008474576271187,0.836864406779661,0.018008474576271187,Cyprus,2,6,0
Czechia,Czechia,49.8175,15.473,9230,319,6546,2365,86.18933153496755,3.4561213434452878,0.7092091007583965,0.03456121343445287,Czechia,34,46,0
Denmark,Denmark,56.2639,9.5018,11633,571,10327,735,200.8389554026335,4.908450098856702,0.8877331728702829,0.04908450098856701,Denmark,0,0,0
Diamond Princess,Diamond Princess,,,712,13,651,48,,1.8258426966292132,0.9143258426966292,0.018258426966292134,Diamond Princess,0,0,0
Djibouti,Djibouti,11.8251,42.5903,3194,22,1286,1886,323.2786978164012,0.6887914840325611,0.4026299311208516,0.0068879148403256105,Djibouti,280,45,2
Dominica,Dominica,15.415,-61.371,16,0,16,0,22.22500034726563,0.0,1.0,0.0,Dominica,0,0,0
Dominican Republic,Dominican Republic,18.7357,-70.1627,16908,498,9557,6853,155.86421118770963,2.9453513129879347,0.5652353915306364,0.029453513129879347,Dominican Republic,377,291,10
Ecuador,Ecuador,-1.8312,-78.1834,38571,3334,19190,16047,218.61853896092853,8.643799745923102,0.4975240465634803,0.08643799745923103,Ecuador,0,0,0
Egypt,Egypt,26.820553000000004,30.802498,23449,913,5693,16843,22.91409273184503,3.893556228410593,0.24278220819651158,0.03893556228410593,Egypt,1367,182,34
El Salvador,El Salvador,13.7942,-88.8965,2395,46,1031,1318,36.924541808063005,1.9206680584551148,0.4304801670146138,0.019206680584551147,El Salvador,117,16,4
Equatorial Guinea,Equatorial Guinea,1.6508,10.2679,1306,12,200,1094,93.08723899400208,0.9188361408882084,0.15313935681470137,0.009188361408882083,Equatorial Guinea,0,0,0
Eritrea,Eritrea,15.1794,39.7823,39,0,39,0,1.099698372474606,0.0,1.0,0.0,Eritrea,0,0,0
Estonia,Estonia,58.5953,25.0136,1865,67,1622,176,140.59141872195238,3.5924932975871315,0.8697050938337801,0.035924932975871314,Estonia,6,12,0
Eswatini,Eswatini,-26.5225,31.4659,283,2,168,113,24.393103044052392,0.7067137809187279,0.5936395759717314,0.007067137809187279,Eswatini,4,0,0
Ethiopia,Ethiopia,9.145,40.4897,1063,8,208,847,0.9246406316337584,0.7525870178739417,0.19567262464722485,0.007525870178739417,Ethiopia,95,11,0
Fiji,Fiji,-17.7134,178.065,18,0,15,3,2.0079335686334003,0.0,0.8333333333333334,0.0,Fiji,0,0,0
Finland,Finland,61.92411,25.748151,6826,316,5500,1010,123.197029699039,4.629358335774978,0.8057427483152652,0.04629358335774978,Finland,50,0,2
France,France,46.2276,2.2137,185616,28720,66051,90845,284.3664976997101,15.472804068614776,0.3558475562451513,0.15472804068614773,France,0,0,0
Gabon,Gabon,-0.8037,11.6094,2655,17,722,1916,119.28681312361618,0.64030131826742,0.271939736346516,0.0064030131826741995,Gabon,42,13,2
Gambia,Gambia,13.4432,-15.3101,25,1,20,4,1.0344839001201656,4.0,0.8,0.04,Gambia,0,0,0
Georgia,Georgia,42.3154,43.3569,757,12,600,145,18.97635476006944,1.5852047556142668,0.7926023778071334,0.015852047556142668,Georgia,11,24,0
Ghana,Ghana,7.9465,-1.0232,7768,35,2540,5193,24.99923969227893,0.4505664263645726,0.3269824922760041,0.004505664263645726,Ghana,152,119,1
Greece,Greece,39.0742,21.8243,2915,175,1374,1366,27.966845807985678,6.003430531732419,0.47135506003430533,0.060034305317324184,Greece,6,0,0
Grenada,Grenada,12.1165,-61.679,23,0,18,5,20.44099218798603,0.0,0.782608695652174,0.0,Grenada,0,0,0
Guatemala,Guatemala,15.7835,-90.2308,4739,102,706,3931,26.451856086943828,2.1523528170500104,0.14897657733699093,0.021523528170500107,Guatemala,132,58,12
Guinea,Guinea,9.9456,-9.6966,3706,23,2030,1653,28.219437268175724,0.62061521856449,0.5477603885590934,0.0062061521856449,Guinea,50,30,1
Guinea-Bissau,Guinea-Bissau,11.8037,-15.1804,1256,8,42,1206,63.82120307032832,0.6369426751592356,0.03343949044585987,0.006369426751592357,Guinea-Bissau,0,0,0
Guyana,Guyana,4.860416000000002,-58.93018000000001,152,12,67,73,19.324678758999642,7.894736842105262,0.4407894736842105,0.07894736842105263,Guyana,2,0,1
Haiti,Haiti,18.9712,-72.2852,1865,41,24,1800,16.356014931068387,2.1983914209115283,0.012868632707774798,0.02198391420911528,Haiti,281,2,6
Holy See,Holy See,41.9029,12.4534,12,0,2,10,1483.3127317676144,0.0,0.16666666666666666,0.0,Holy See,0,0,0
Honduras,Honduras,15.2,-86.2419,5094,201,536,4357,51.430606844814044,3.945818610129564,0.10522182960345504,0.039458186101295645,Honduras,342,17,5
Hungary,Hungary,47.1625,19.5033,3867,524,2142,1201,40.02960555259385,13.550555986552885,0.5539177657098526,0.13550555986552884,Hungary,26,118,7
Iceland,Iceland,64.9631,-19.0208,1806,10,1794,2,529.2307692307694,0.5537098560354374,0.9933554817275747,0.005537098560354375,Iceland,1,0,0
Indonesia,Indonesia,-0.7893,113.9213,25773,1573,7015,17185,9.422586577997958,6.103286384976527,0.27218406859892136,0.06103286384976526,Indonesia,557,523,53
Iran,Iran,32.427908,53.68804599999999,148950,7734,116827,24389,177.33630582079903,5.192346424974824,0.7843370258475999,0.05192346424974824,Iran,2282,1896,57
Iraq,Iraq,33.223191,43.679291,6179,195,3110,2874,15.362047458856551,3.155850461239683,0.5033176889464315,0.03155850461239683,Iraq,306,66,10
Ireland,Ireland,53.1424,-7.6921,24929,1651,22089,1189,504.8608731506931,6.6228087769264725,0.8860764571382727,0.06622808776926471,Ireland,53,0,6
Israel,Israel,31.046051,34.851612,17012,284,14811,1917,196.54461806604576,1.6694098283564542,0.8706207383023747,0.016694098283564544,Israel,25,35,0
Jamaica,Jamaica,18.1096,-77.2975,581,9,290,282,19.62068256335944,1.5490533562822721,0.4991394148020654,0.01549053356282272,Jamaica,6,1,0
Jordan,Jordan,31.24,36.51,734,9,507,218,7.193863849756055,1.2261580381471389,0.6907356948228883,0.01226158038147139,Jordan,4,0,0
Kazakhstan,Kazakhstan,48.0196,66.9237,10382,38,5220,5124,55.29191034402358,0.3660181082643036,0.5027932960893855,0.003660181082643036,Kazakhstan,450,163,1
Kenya,Kenya,-0.0236,37.9062,1888,63,464,1361,3.5111667376462914,3.3368644067796613,0.2457627118644068,0.03336864406779661,Kenya,143,26,1
South Korea,South Korea,35.90775700000001,127.766922,11468,270,10405,793,22.368212889212607,2.3543773979769798,0.9073072898500174,0.023543773979769794,South Korea,27,7,1
Kosovo,Kosovo,42.602636,20.902977,1064,30,829,205,58.77264597324519,2.819548872180451,0.7791353383458647,0.02819548872180451,Kosovo,16,28,0
Kuwait,Kuwait,29.31166,47.481766,26192,205,10156,15831,613.3149188994519,0.7826817348808797,0.3877519853390348,0.007826817348808796,Kuwait,1008,883,11
Kyrgyzstan,Kyrgyzstan,41.20438,74.766098,1722,16,1113,593,26.394077058749502,0.9291521486643438,0.6463414634146342,0.009291521486643438,Kyrgyzstan,60,25,0
Laos,Laos,19.85627,102.495496,19,0,16,3,0.261148426319583,0.0,0.8421052631578947,0.0,Laos,0,0,0
Latvia,Latvia,56.8796,24.6032,1065,24,745,296,56.46266942777073,2.2535211267605635,0.6995305164319249,0.022535211267605635,Latvia,1,0,0
Lebanon,Lebanon,33.8547,35.8623,1191,26,708,457,17.449419392912578,2.18303946263644,0.5944584382871536,0.0218303946263644,Lebanon,19,3,0
Lesotho,Lesotho,-29.609988,28.233608,2,0,1,1,0.09335969811208017,0.0,0.5,0.0,Lesotho,0,0,0
Liberia,Liberia,6.4280550000000005,-9.429499,280,27,148,105,5.536138428768782,9.642857142857142,0.5285714285714286,0.09642857142857143,Liberia,7,2,0
Libya,Libya,26.3351,17.228331,130,5,50,75,1.891930871174497,3.8461538461538463,0.38461538461538464,0.038461538461538464,Libya,12,9,0
Liechtenstein,Liechtenstein,47.14,9.55,82,1,55,26,215.0142905839473,1.2195121951219512,0.6707317073170732,0.012195121951219513,Liechtenstein,0,0,0
Lithuania,Lithuania,55.1694,23.8813,1670,70,1229,371,61.34538886548132,4.1916167664670665,0.7359281437125749,0.041916167664670656,Lithuania,8,13,2
Luxembourg,Luxembourg,49.8153,6.1296,4016,110,3815,91,641.558142804197,2.7390438247011946,0.9499501992031872,0.027390438247011952,Luxembourg,4,0,0
MS Zaandam,MS Zaandam,,,9,2,0,7,,22.222222222222218,0.0,0.2222222222222222,MS Zaandam,0,0,0
Madagascar,Madagascar,-18.766947,46.869107,758,6,165,587,2.737349607827722,0.7915567282321899,0.21767810026385223,0.0079155672823219,Madagascar,60,1,1
Malawi,Malawi,-13.254307999999998,34.301525,279,4,42,233,1.4584456680635158,1.4336917562724014,0.15053763440860216,0.014336917562724014,Malawi,6,0,0
Malaysia,Malaysia,4.210483999999999,101.975766,7762,115,6330,1317,23.98195785589556,1.4815769131667096,0.8155114661169801,0.014815769131667097,Malaysia,30,95,0
Maldives,Maldives,3.2028,73.2207,1672,5,406,1261,309.31916483825495,0.2990430622009569,0.24282296650717702,0.0029904306220095694,Maldives,81,209,0
Mali,Mali,17.570692,-3.996166000000001,1250,76,696,478,6.1725852871047175,6.08,0.5568,0.0608,Mali,24,27,3
Malta,Malta,35.9375,14.3754,618,9,525,84,139.96498610541764,1.4563106796116505,0.8495145631067961,0.014563106796116505,Malta,2,11,0
Mauritania,Mauritania,21.0079,-10.9408,483,20,21,442,10.38785631637582,4.140786749482402,0.043478260869565216,0.041407867494824016,Mauritania,60,0,0
Mauritius,Mauritius,-20.348404,57.552152,335,10,322,3,26.341303084605908,2.985074626865672,0.9611940298507463,0.029850746268656716,Mauritius,0,0,0
Moldova,Moldova,47.4116,28.3699,8098,291,4455,3352,200.7455199762616,3.593479871573228,0.550135836008891,0.03593479871573228,Moldova,202,177,3
Monaco,Monaco,43.7333,7.4167,99,4,90,5,252.26786260320046,4.040404040404041,0.9090909090909091,0.04040404040404041,Monaco,1,0,0
Mongolia,Mongolia,46.8625,103.8467,179,0,44,135,5.460160351792946,0.0,0.24581005586592178,0.0,Mongolia,0,1,0
Montenegro,Montenegro,42.708678000000006,19.37439,324,9,315,0,51.58726367778977,2.7777777777777777,0.9722222222222222,0.027777777777777776,Montenegro,0,0,0
Morocco,Morocco,31.7917,-7.0926,7780,204,5401,2175,21.077979910246814,2.622107969151671,0.6942159383033419,0.02622107969151671,Morocco,66,130,2
Mozambique,Mozambique,-18.665695,35.529562,244,2,90,152,0.7806642268776615,0.819672131147541,0.36885245901639346,0.00819672131147541,Mozambique,10,6,0
Namibia,Namibia,-22.9576,18.4904,23,0,14,9,0.9051853740934372,0.0,0.6086956521739131,0.0,Namibia,0,0,0
Nepal,Nepal,28.1667,84.25,1401,6,219,1176,4.808351003994671,0.4282655246252677,0.15631691648822268,0.004282655246252677,Nepal,189,13,0
Netherlands,Netherlands,52.1326,5.2913,46257,5951,0,40306,269.95823079634147,12.865079879801975,0.0,0.12865079879801977,Netherlands,0,0,0
New Zealand,New Zealand,-40.9006,174.886,1504,22,1481,1,31.188870384321948,1.4627659574468086,0.9847074468085106,0.014627659574468085,New Zealand,0,0,0
Nicaragua,Nicaragua,12.865416,-85.207229,759,35,370,354,11.457375092723224,4.61133069828722,0.4874835309617918,0.0461133069828722,Nicaragua,0,0,0
Niger,Niger,17.607789,8.081666,956,64,818,74,3.9493302580333762,6.694560669456067,0.8556485355648535,0.06694560669456066,Niger,1,5,0
Nigeria,Nigeria,9.082,8.6753,9855,273,2856,6726,4.780741119850987,2.7701674277016743,0.2898021308980213,0.027701674277016742,Nigeria,553,159,12
North Macedonia,North Macedonia,41.6086,21.7453,2164,131,1535,498,103.86967331931764,6.053604436229205,0.7093345656192237,0.060536044362292055,North Macedonia,35,19,5
Norway,Norway,60.472,8.4689,8437,236,7727,474,155.62854416017584,2.797202797202797,0.9158468649994074,0.027972027972027972,Norway,15,0,0
Oman,Oman,21.512583,55.92325500000001,10423,42,2396,7985,204.1075294000613,0.4029550033579584,0.22987623524896864,0.004029550033579583,Oman,603,0,2
Pakistan,Pakistan,30.3753,69.3451,66457,1395,24131,40931,30.085698176637923,2.0991016747671427,0.36310697142513204,0.020991016747671426,Pakistan,2429,1826,78
Panama,Panama,8.538,-80.7821,13018,330,9414,3274,301.707994497039,2.53495160546935,0.72315255799662,0.025349516054693502,Panama,487,1874,4
Papua New Guinea,Papua New Guinea,-6.314993,143.95555,8,0,8,0,0.08941517668383027,0.0,1.0,0.0,Papua New Guinea,0,0,0
Paraguay,Paraguay,-23.4425,-58.4438,964,11,466,487,13.515540768843596,1.1410788381742738,0.483402489626556,0.011410788381742738,Paraguay,47,53,0
Philippines,Philippines,12.879721,121.774017,17224,950,3808,12466,15.718041119961535,5.515559684161635,0.22108685555039478,0.05515559684161635,Philippines,590,88,8
Poland,Poland,51.9194,19.1451,23571,1061,11016,11494,62.28035513357143,4.5012939629205375,0.46735395189003437,0.04501293962920538,Poland,416,324,10
Portugal,Portugal,39.3999,-8.2245,32203,1396,19186,11621,315.81764583409137,4.334999844734964,0.5957830015837033,0.04334999844734962,Portugal,257,275,13
Qatar,Qatar,25.3548,51.1839,55262,36,25839,29387,1918.1134721248432,0.06514422206941478,0.46757265390322467,0.0006514422206941479,Qatar,2355,5235,0
Romania,Romania,45.9432,24.9668,19133,1259,13046,4828,99.45584920262225,6.580254011393928,0.6818585689646162,0.06580254011393927,Romania,151,217,11
Russia,Russia,61.52401,105.318756,396575,4555,167469,224551,271.74870143761797,1.1485847569816554,0.4222883439450293,0.011485847569816554,Russia,8952,8212,181
Rwanda,Rwanda,-1.9403,29.8739,359,1,250,108,2.771727973197468,0.2785515320334262,0.6963788300835655,0.002785515320334262,Rwanda,4,3,1
Saint Kitts and Nevis,Saint Kitts and Nevis,17.357822,-62.782998,15,0,15,0,28.19972928259889,0.0,1.0,0.0,Saint Kitts and Nevis,0,0,0
Saint Lucia,Saint Lucia,13.9094,-60.9789,18,0,18,0,9.802373263482348,0.0,1.0,0.0,Saint Lucia,0,0,0
Saint Vincent and the Grenadines,Saint Vincent and the Grenadines,12.9843,-61.2872,26,0,15,11,23.43461292328769,0.0,0.5769230769230769,0.0,Saint Vincent and the Grenadines,0,1,0
San Marino,San Marino,43.9424,12.4578,671,42,357,272,1977.1347751782666,6.259314456035768,0.5320417287630402,0.06259314456035768,San Marino,0,13,0
Sao Tome and Principe,Sao Tome and Principe,0.18636,6.613081,479,12,68,399,218.5607840811093,2.5052192066805845,0.1419624217118998,0.025052192066805846,Sao Tome and Principe,16,0,0
Saudi Arabia,Saudi Arabia,23.885942,45.079162,83384,480,58883,24021,239.5137546771233,0.5756500047970834,0.7061666506763887,0.005756500047970833,Saudi Arabia,1618,1870,22
Senegal,Senegal,14.4974,-14.4524,3535,42,1761,1732,21.1121283951856,1.188118811881188,0.4981612446958982,0.011881188118811881,Senegal,106,23,1
Serbia,Serbia,44.0165,21.0059,11381,242,6606,4533,130.25658750859813,2.126350935770143,0.5804410860205605,0.02126350935770143,Serbia,27,82,0
Seychelles,Seychelles,-4.6796,55.492,11,0,11,0,11.185682326621924,0.0,1.0,0.0,Seychelles,0,0,0
Sierra Leone,Sierra Leone,8.460555000000001,-11.779889,852,46,415,391,10.680727116824213,5.399061032863849,0.48708920187793425,0.0539906103286385,Sierra Leone,23,29,1
Singapore,Singapore,1.2833,103.8333,34366,23,20727,13616,587.4185496474311,0.06692661351335623,0.6031251818657976,0.0006692661351335623,Singapore,506,1096,0
Slovakia,Slovakia,48.669,19.699,1521,28,1356,137,27.858964404815477,1.8408941485864565,0.8915187376725838,0.018408941485864562,Slovakia,1,18,0
Slovenia,Slovenia,46.1512,14.9955,1473,108,1357,8,70.85368833612644,7.331975560081466,0.9212491513917176,0.07331975560081466,Slovenia,0,0,0
Somalia,Somalia,5.152149,46.199616,1916,73,327,1516,12.055455851957994,3.8100208768267225,0.17066805845511482,0.038100208768267224,Somalia,88,17,1
South Africa,South Africa,-30.5595,22.9375,30967,643,16116,14208,52.213259136224394,2.076403913843769,0.5204249685148706,0.020764039138437693,South Africa,1727,1023,32
South Sudan,South Sudan,6.877000000000002,31.307,994,10,6,978,8.879971991460573,1.0060362173038229,0.006036217303822937,0.01006036217303823,South Sudan,0,0,0
Sri Lanka,Sri Lanka,7.873054,80.77179699999998,1620,10,781,829,7.565409267626352,0.6172839506172839,0.4820987654320988,0.006172839506172839,Sri Lanka,62,27,0
Sudan,Sudan,12.8628,30.2176,4800,262,1272,3266,10.946590694590599,5.458333333333332,0.265,0.05458333333333333,Sudan,279,456,29
Suriname,Suriname,3.9193,-56.0278,14,1,9,4,2.3864965208290005,7.142857142857142,0.6428571428571429,0.07142857142857142,Suriname,2,0,0
Sweden,Sweden,60.128161,18.643501,37113,4395,4971,27747,367.48200612519514,11.84221162395926,0.1339422843747474,0.11842211623959259,Sweden,637,0,45
Switzerland,Switzerland,46.8182,8.2275,30845,1919,28400,526,356.3993234594525,6.2214297292916205,0.9207326957367482,0.06221429729291619,Switzerland,17,100,0
Syria,Syria,34.802075,38.99681500000001,122,4,43,75,0.6971166853907256,3.278688524590164,0.3524590163934426,0.03278688524590164,Syria,0,0,0
Taiwan,Taiwan,23.7,121.0,442,7,421,14,1.8558348055099818,1.5837104072398192,0.9524886877828054,0.01583710407239819,Taiwan,0,1,0
Tajikistan,Tajikistan,38.861034,71.276093,3807,47,1865,1895,39.91552629046047,1.2345679012345678,0.48988705017073814,0.012345679012345678,Tajikistan,121,96,0
Tanzania,Tanzania,-6.369028,34.888822,509,21,183,305,0.852107987092757,4.12573673870334,0.35952848722986247,0.0412573673870334,Tanzania,0,0,0
Thailand,Thailand,15.870032,100.992541,3077,57,2961,59,4.4083108450263415,1.852453688657784,0.962300942476438,0.018524536886577837,Thailand,1,16,0
Timor-Leste,Timor-Leste,-8.874217,125.727539,24,0,24,0,1.8203303596214317,0.0,1.0,0.0,Timor-Leste,0,0,0
Togo,Togo,8.6195,0.8248,433,13,206,214,5.230266404162856,3.0023094688221708,0.47575057736720555,0.03002309468822171,Togo,5,4,0
Trinidad and Tobago,Trinidad and Tobago,10.6918,-61.2225,117,8,108,1,8.360182380594088,6.837606837606838,0.9230769230769231,0.06837606837606838,Trinidad and Tobago,1,0,0
Tunisia,Tunisia,33.886917,9.537499,1076,48,950,78,9.104279366673836,4.4609665427509295,0.8828996282527881,0.04460966542750929,Tunisia,5,4,0
Turkey,Turkey,38.9637,35.2433,163103,4515,126984,31604,193.38961859751186,2.7681894263134343,0.7785509769900002,0.02768189426313434,Turkey,983,1021,26
Uganda,Uganda,1.373333,32.290275,413,0,72,341,0.9029098620493649,0.0,0.17433414043583534,0.0,Uganda,84,0,0
Ukraine,Ukraine,48.3794,31.1656,23204,696,9311,13197,53.05741040919899,2.9994828477848645,0.40126702292708155,0.029994828477848647,Ukraine,393,377,17
United Arab Emirates,United Arab Emirates,23.424076,53.847818,33896,262,17546,16088,342.71616921459184,0.7729525607741327,0.5176421996695776,0.007729525607741326,United Arab Emirates,726,449,2
United Kingdom,United Kingdom,55.3781,-3.4360000000000004,272826,38376,0,234450,401.88843638520837,14.066108068879066,0.0,0.14066108068879066,United Kingdom,0,0,0
Uruguay,Uruguay,-32.5228,-55.7658,821,22,682,117,23.63455735007385,2.679658952496955,0.830694275274056,0.02679658952496955,Uruguay,5,2,0
Uzbekistan,Uzbekistan,41.377491,64.585262,3546,14,2783,749,10.594815848446206,0.3948110547095319,0.7848279751833052,0.003948110547095319,Uzbekistan,78,55,0
Venezuela,Venezuela,6.4238,-66.5897,1459,14,302,1143,5.130830371969728,0.9595613433858808,0.2069910897875257,0.009595613433858808,Venezuela,89,0,0
Vietnam,Vietnam,14.058324,108.277199,328,0,279,49,0.33696812701701234,0.0,0.850609756097561,0.0,Vietnam,0,0,0
West Bank and Gaza,West Bank and Gaza,31.9522,35.2332,447,3,368,76,8.762273063008388,0.6711409395973155,0.8232662192393736,0.006711409395973154,West Bank and Gaza,1,0,0
Western Sahara,Western Sahara,24.2155,-12.8858,9,1,6,2,1.5067048365225253,11.111111111111109,0.6666666666666666,0.1111111111111111,Western Sahara,0,0,0
Yemen,Yemen,15.552727,48.516388,310,77,13,220,1.0393627459132255,24.838709677419356,0.041935483870967745,0.24838709677419354,Yemen,27,2,12
Zambia,Zambia,-13.133897,27.849332,1057,7,779,271,5.749578599948782,0.6622516556291391,0.7369914853358562,0.006622516556291391,Zambia,0,0,0
Zimbabwe,Zimbabwe,-19.015438,29.154857,174,4,29,141,1.1706980731318941,2.2988505747126435,0.16666666666666666,0.022988505747126436,Zimbabwe,25,1,0
Andaman and Nicobar Islands,India,11.7401,92.6586,33,0,33,0,,,1.0,0.0,"Andaman and Nicobar Islands, India",8652,4357,184
Andhra Pradesh,India,15.9129,79.74,3569,60,2289,1220,,,0.6413561221630709,0.016811431773606052,"Andhra Pradesh, India",0,0,0
Arunachal Pradesh,India,28.218000000000004,94.7278,4,0,1,3,,,0.25,0.0,"Arunachal Pradesh, India",0,0,0
Assam,India,26.2006,92.9376,1185,4,163,1018,,,0.13755274261603376,0.0033755274261603376,"Assam, India",0,0,0
Bihar,India,25.0961,85.3131,3636,20,1618,1998,,,0.444994499449945,0.005500550055005501,"Bihar, India",0,0,0
Chandigarh,India,30.7333,76.7794,289,4,189,96,,,0.6539792387543253,0.01384083044982699,"Chandigarh, India",0,0,0
Chhattisgarh,India,21.2787,81.8661,447,1,102,344,,,0.22818791946308725,0.0022371364653243847,"Chhattisgarh, India",0,0,0
Dadar Nagar Haveli,India,20.1809,73.0169,2,0,0,2,,,0.0,0.0,"Dadar Nagar Haveli, India",0,0,0
Delhi,India,28.7041,77.1025,18549,416,8075,10058,,,0.4353334411558575,0.02242708501806027,"Delhi, India",0,0,0
Goa,India,15.2993,74.124,70,0,41,29,,,0.5857142857142857,0.0,"Goa, India",0,0,0
Gujarat,India,22.2587,71.1924,16343,1007,9230,6106,,,0.5647677904913418,0.061616594260539684,"Gujarat, India",0,0,0
Haryana,India,29.0588,76.0856,1923,20,971,932,,,0.5049401976079043,0.010400416016640665,"Haryana, India",0,0,0
Himachal Pradesh,India,31.1048,77.1734,313,5,111,197,,,0.3546325878594249,0.01597444089456869,"Himachal Pradesh, India",0,0,0
Jammu and Kashmir,India,33.7782,76.5762,2341,28,908,1405,,,0.3878684322938915,0.01196070055531824,"Jammu and Kashmir, India",0,0,0
Jharkhand,India,23.6102,85.2799,563,5,256,302,,,0.4547069271758437,0.008880994671403197,"Jharkhand, India",0,0,0
Karnataka,India,15.3173,75.7139,2922,48,997,1877,,,0.3412046543463381,0.01642710472279261,"Karnataka, India",0,0,0
Kerala,India,10.8505,76.2711,1208,9,575,624,,,0.4759933774834437,0.0074503311258278145,"Kerala, India",0,0,0
Ladakh,India,34.2996,78.2932,74,0,43,31,,,0.581081081081081,0.0,"Ladakh, India",0,0,0
Madhya Pradesh,India,22.9734,78.6569,7891,343,4444,3104,,,0.5631732353313902,0.04346724116081612,"Madhya Pradesh, India",0,0,0
Maharashtra,India,19.7515,75.7139,65168,2197,28081,34890,,,0.4309016695310582,0.03371286520991898,"Maharashtra, India",0,0,0
Manipur,India,24.6637,93.9063,62,0,8,54,,,0.12903225806451613,0.0,"Manipur, India",0,0,0
Meghalaya,India,25.467,91.3662,27,1,12,14,,,0.4444444444444444,0.037037037037037035,"Meghalaya, India",0,0,0
Mizoram,India,23.1645,92.9376,1,0,1,0,,,1.0,0.0,"Mizoram, India",0,0,0
Nagaland,India,26.1584,94.5624,36,0,0,36,,,0.0,0.0,"Nagaland, India",0,0,0
Odisha,India,20.9517,85.0985,1819,7,1050,762,,,0.577240241891149,0.0038482682792743265,"Odisha, India",0,0,0
Puducherry,India,11.9416,79.8083,51,0,14,37,,,0.27450980392156865,0.0,"Puducherry, India",0,0,0
Punjab,India,31.1471,75.3412,2233,44,1967,222,,,0.8808777429467085,0.019704433497536946,"Punjab, India",0,0,0
Rajasthan,India,27.0238,74.2179,8617,193,5739,2685,,,0.6660090518742021,0.022397586166879424,"Rajasthan, India",0,0,0
Sikkim,India,27.533,88.5122,1,0,0,1,,,0.0,0.0,"Sikkim, India",0,0,0
Tamil Nadu,India,11.1271,78.6569,21184,160,12000,9024,,,0.5664652567975831,0.0075528700906344415,"Tamil Nadu, India",0,0,0
Telengana,India,18.1124,79.0193,2499,77,1412,1010,,,0.5650260104041617,0.03081232492997199,"Telengana, India",0,0,0
Tripura,India,23.9408,91.9882,268,0,172,96,,,0.6417910447761194,0.0,"Tripura, India",0,0,0
Uttarakhand,India,30.0668,79.0193,749,5,102,642,,,0.13618157543391188,0.006675567423230975,"Uttarakhand, India",0,0,0
Uttar Pradesh,India,26.8467,80.9462,7445,201,4410,2834,,,0.5923438549361988,0.02699798522498321,"Uttar Pradesh, India",0,0,0
West Bengal,India,22.9868,87.855,5130,309,1970,2851,,,0.3840155945419103,0.06023391812865497,"West Bengal, India",0,0,0
Cases being reassigned to states,India,,,5491,0,0,5491,,,0.0,0.0,"Cases being reassigned to states, India",0,0,0
Alabama,United States,32.3182,-86.9023,17359,618,9355,7386,,,0.5389135318854773,0.035601129097298234,"Alabama, United States",24146,10015,967
Alaska,United States,61.3707,-152.4044,433,10,368,55,,,0.8498845265588915,0.023094688221709007,"Alaska, United States",0,0,0
American Samoa,United States,-14.271,-170.132,0,0,0,0,,,,,"American Samoa, United States",0,0,0
Arizona,United States,33.7298,-111.4312,19258,904,4657,13697,,,0.2418215806418112,0.04694153079239796,"Arizona, United States",0,0,0
Arkansas,United States,34.9697,-92.3731,7013,133,5166,1714,,,0.736631969200057,0.018964779694852416,"Arkansas, United States",0,0,0
California,United States,36.1162,-119.6816,109895,4144,0,105751,,,0.0,0.03770872196187269,"California, United States",0,0,0
Colorado,United States,39.0598,-105.3111,26084,1443,3859,20782,,,0.14794510044471706,0.05532126974390431,"Colorado, United States",0,0,0
Connecticut,United States,41.5978,-72.7554,42022,3912,7127,30983,,,0.16960163723763744,0.09309409357003474,"Connecticut, United States",0,0,0
Delaware,United States,39.3185,-75.5071,9422,361,5205,3856,,,0.5524304818509871,0.038314582891105925,"Delaware, United States",0,0,0
Diamond Princess,United States,,,49,0,0,49,,,0.0,0.0,"Diamond Princess, United States",0,0,0
District of Columbia,United States,38.8974,-77.0268,8717,462,1100,7155,,,0.12619020305150855,0.05299988528163359,"District of Columbia, United States",0,0,0
Florida,United States,27.7663,-81.6868,55424,2447,0,52977,,,0.0,0.04415054849884527,"Florida, United States",0,0,0
Georgia,United States,33.0406,-83.6431,46331,2004,0,44327,,,0.0,0.0432539768189765,"Georgia, United States",0,0,0
Grand Princess,United States,,,103,3,0,100,,,0.0,0.02912621359223301,"Grand Princess, United States",0,0,0
Guam,United States,13.4443,144.7937,172,5,144,23,,,0.8372093023255814,0.029069767441860465,"Guam, United States",0,0,0
Hawaii,United States,21.0943,-157.4983,651,17,605,29,,,0.9293394777265745,0.026113671274961597,"Hawaii, United States",0,0,0
Idaho,United States,44.2405,-114.4788,2803,82,2225,496,,,0.7937923653228683,0.029254370317516945,"Idaho, United States",0,0,0
Illinois,United States,40.3495,-88.9861,118917,5330,0,113587,,,0.0,0.044821177796278075,"Illinois, United States",0,0,0
Indiana,United States,39.8494,-86.2583,34211,2125,0,32086,,,0.0,0.06211452456812137,"Indiana, United States",0,0,0
Iowa,United States,42.0115,-93.2105,19244,531,11019,7694,,,0.5725940552899605,0.027593016004988567,"Iowa, United States",0,0,0
Kansas,United States,38.5266,-96.7265,9690,215,547,8928,,,0.0564499484004128,0.02218782249742002,"Kansas, United States",0,0,0
Kentucky,United States,37.6681,-84.6701,9704,431,3231,6042,,,0.3329554822753504,0.04441467436108821,"Kentucky, United States",0,0,0
Louisiana,United States,31.1695,-91.8678,39577,2786,28700,8091,,,0.7251686585643177,0.07039442100209718,"Louisiana, United States",0,0,0
Maine,United States,44.6939,-69.3819,2282,89,1505,688,,,0.6595092024539877,0.039000876424189306,"Maine, United States",0,0,0
Maryland,United States,39.0639,-76.8021,52015,2509,3649,45857,,,0.07015284052677112,0.04823608574449678,"Maryland, United States",0,0,0
Massachusetts,United States,42.2302,-71.5301,96301,6768,0,89533,,,0.0,0.07027964403277225,"Massachusetts, United States",0,0,0
Michigan,United States,43.3266,-84.5361,56969,5464,38099,13406,,,0.6687672242798716,0.09591181168705787,"Michigan, United States",0,0,0
Minnesota,United States,45.6945,-93.9002,24190,1036,17864,5290,,,0.7384869780901199,0.042827614716825134,"Minnesota, United States",0,0,0
Mississippi,United States,32.7416,-89.6787,15229,723,9401,5105,,,0.6173090813579355,0.04747521176702344,"Mississippi, United States",0,0,0
Missouri,United States,38.4561,-92.2884,13298,774,0,12524,,,0.0,0.0582042412392841,"Missouri, United States",0,0,0
Montana,United States,46.9219,-110.4544,505,17,448,40,,,0.8871287128712871,0.033663366336633666,"Montana, United States",0,0,0
Nebraska,United States,41.1254,-98.2681,13905,170,0,13735,,,0.0,0.01222581805106077,"Nebraska, United States",0,0,0
Nevada,United States,38.3135,-117.0554,8517,417,428,7672,,,0.05025243630386286,0.04896090172595984,"Nevada, United States",0,0,0
New Hampshire,United States,43.4525,-71.5639,4492,238,2802,1452,,,0.6237756010685663,0.052983081032947466,"New Hampshire, United States",0,0,0
New Jersey,United States,40.2989,-74.521,159608,11634,26301,121673,,,0.16478497318430155,0.07289108315372662,"New Jersey, United States",0,0,0
New Mexico,United States,34.8405,-106.2485,7624,351,2728,4545,,,0.3578174186778594,0.04603882476390346,"New Mexico, United States",0,0,0
New York,United States,42.1657,-74.9481,369660,29710,65609,274341,,,0.17748471568468321,0.08037115186928528,"New York, United States",0,0,0
North Carolina,United States,35.6301,-79.8064,27794,929,14954,11911,,,0.5380297906022883,0.03342448010361949,"North Carolina, United States",0,0,0
North Dakota,United States,47.5289,-99.784,2554,60,1943,551,,,0.7607674236491777,0.023492560689115115,"North Dakota, United States",0,0,0
Northern Mariana Islands,United States,15.0979,145.6739,22,2,15,5,,,0.6818181818181818,0.09090909090909091,"Northern Mariana Islands, United States",0,0,0
Ohio,United States,40.3888,-82.7649,35033,2149,0,32884,,,0.0,0.06134216310335969,"Ohio, United States",0,0,0
Oklahoma,United States,35.5653,-96.9289,6418,334,5435,649,,,0.8468370208787784,0.052041134309753816,"Oklahoma, United States",0,0,0
Oregon,United States,44.572,-122.0709,4185,153,2137,1895,,,0.5106332138590203,0.03655913978494624,"Oregon, United States",0,0,0
Pennsylvania,United States,40.5908,-77.2098,75697,5537,47133,23027,,,0.6226534737175846,0.07314688825184618,"Pennsylvania, United States",0,0,0
Puerto Rico,United States,18.2208,-66.5901,3718,133,0,3585,,,0.0,0.035771920387305,"Puerto Rico, United States",0,0,0
Rhode Island,United States,41.6809,-71.5118,14819,711,1225,12883,,,0.08266414737836561,0.047978945947769754,"Rhode Island, United States",0,0,0
South Carolina,United States,33.8569,-80.945,11394,487,6459,4448,,,0.5668773038441285,0.04274179392662805,"South Carolina, United States",0,0,0
South Dakota,United States,44.2998,-99.4388,4960,62,3805,1093,,,0.7671370967741935,0.0125,"South Dakota, United States",0,0,0
Tennessee,United States,35.7478,-86.6923,22566,364,15193,7009,,,0.6732695205175928,0.01613046175662501,"Tennessee, United States",0,0,0
Texas,United States,31.0545,-97.5635,62675,1652,40068,20955,,,0.639297965696051,0.026358197048264857,"Texas, United States",0,0,0
Utah,United States,40.15,-111.8624,9533,112,5995,3426,,,0.6288681422427358,0.011748662540648274,"Utah, United States",0,0,0
Vermont,United States,44.0459,-72.7107,977,55,865,57,,,0.8853633572159673,0.05629477993858751,"Vermont, United States",0,0,0
Virgin Islands,United States,18.3358,-64.8963,69,6,61,2,,,0.8840579710144928,0.08695652173913043,"Virgin Islands, United States",0,0,0
Virginia,United States,37.7693,-78.17,43611,1370,5745,36496,,,0.13173281970145148,0.031414092774758665,"Virginia, United States",0,0,0
Washington,United States,47.4009,-121.4905,21349,1118,0,20231,,,0.0,0.05236779240245445,"Washington, United States",0,0,0
West Virginia,United States,38.4912,-80.9545,1989,75,1290,624,,,0.6485671191553545,0.03770739064856712,"West Virginia, United States",0,0,0
Wisconsin,United States,44.2685,-89.6165,18230,588,11338,6304,,,0.6219418540866704,0.032254525507405374,"Wisconsin, United States",0,0,0
Wyoming,United States,42.756,-107.3025,898,16,658,224,,,0.732739420935412,0.017817371937639197,"Wyoming, United States",0,0,0
